date;tickers_count;top_5_topics
2024-01-01;{'ada': 1, 'btc': 355, 'eth': 83, 'sol': 13, 'xrp': 18};"1. **Ethereum Roadmap**: Vitalik Buterin unveiled a 2024 roadmap amid a 2023 crypto market dip.
2. **Bitcoin Price Forecast**: Analysts predict Bitcoin could reach $100,000 in 2024 following the halving and ETF approval.
3. **SEC ETF Approval**: The U.S. SEC is expected to decide on spot Bitcoin ETF applications in early 2024.
4. **Market Liquidity**: The crypto market is currently in a technical bull market driven by high leverage and speculative sentiment.
5. **Layer-2 Solutions**: The ecosystem is expected to expand significantly with new Layer-2 solutions and non-Ethereum public chains."
2024-01-02;{'ada': 10, 'btc': 631, 'eth': 128, 'sol': 31, 'xrp': 9};"1. **SEC Spot Bitcoin ETF Approval Timeline**: The U.S. Securities and Exchange Commission is expected to approve spot Bitcoin ETFs by January 10, 2024, which could trigger a significant price surge.
2. **Bitcoin Price Surge to $45,000**: Bitcoin has surged to $45,000, marking a significant milestone and breaking a key resistance level.
3. **Ethereum Price Breakout**: Ethereum is breaking resistance near $2,400 and is eyeing a potential breakout to $3,000.
4. **Bitcoin SV Rally**: Bitcoin SV (BSV) surged over 110% to $100, marking a 109.1% increase over the previous day and week.
5. **Market Volatility and Institutional Impact**: The crypto market is characterized by significant volatility, with institutional adoption driving a 5% surge in market cap to $1.84 trillion."
2024-01-03;{'ada': 12, 'btc': 677, 'eth': 143, 'sol': 94, 'xrp': 67};"1. **Bitcoin ETF Approval Expectations**: Analysts and experts anticipate the US SEC will approve spot Bitcoin ETFs, with some predicting approval by early January 2024, while others warn of potential rejection leading to sharp price drops.
2. **Market Volatility and Flash Crashes**: Recent market activity has seen significant volatility, including a 10% drop to $41,000 and a 6% crash to $42,500, driven by fears of ETF rejection and high funding rates.
3. **Bitcoin Price Targets and Technicals**: Despite recent declines, analysts predict Bitcoin could reach all-time highs of $80,000 in 2024, with technical indicators showing a bullish flag formation near $45,300.
4. **Institutional Adoption and Miner Revenue**: Major players like Goldman Sachs are reportedly joining the spot Bitcoin ETF race, while miner revenue from transaction fees has risen to over $37 billion.
5. **Regulatory Uncertainty and Market Sentiment**: The crypto market faces uncertainty regarding regulatory clarity, with some experts suggesting a bleak future if the ETF is not approved, while others view the current dip as a"
2024-01-04;{'ada': 30, 'btc': 529, 'eth': 111, 'sol': 51, 'xrp': 26};"1. **ETF Speculation**: Goldman Sachs is interested in becoming an authorized participant in the proposed spot Bitcoin ETFs, with SEC approval potentially triggering a market surge.
2. **Ethereum (ETH) Outlook**: Analyst Ali Martinez predicts a potential 115% rise for Ethereum Layer-2 network Polygon (MATIC) and notes a bullish outlook on top-20 altcoins.
3. **Gaming**: The cryptocurrency market experienced a significant resurgence in 2023, driven by institutional investors preparing for the anticipated approval of a spot Bitcoin ETF.
4. **Market Volatility**: Bitcoin experienced a significant 10% drop in 24 hours, yet trading volume surged by 153.49% on CoinMarketCap.
5. **XDC Index**: The XDC index secured regulatory approval through a partnership with Vinter, marking a significant step toward potential approval."
2024-01-05;{'ada': 15, 'btc': 587, 'eth': 196, 'sol': 22, 'xrp': 27};"1. **Bitcoin ETF Approval**: The U.S. SEC is expected to approve spot Bitcoin ETFs soon, potentially within the next week, which could trigger a significant market shift.
2. **Market Volatility**: The crypto market is bracing for the Bitcoin ETF decision, with traders anticipating a potential price drop following the announcement.
3. **Institutional Investment**: BlackRock has confirmed it has $2 billion lined up for the Bitcoin Spot ETF in the first week, signaling strong institutional interest.
4. **Mining Expansion**: Marathon Digital Holdings set a new monthly record for Bitcoin mining in December 2023, outputting 1,853 BTC.
5. **Celsius Restructuring**: Celsius Network is unlocking ETH to pay creditors as part of its debt restructuring efforts."
2024-01-06;{'ada': 44, 'btc': 447, 'eth': 95, 'sol': 37, 'xrp': 11};"1. **Bitcoin ETF Approval Timeline**: The U.S. SEC is expected to vote on spot Bitcoin ETF applications next week, potentially opening institutional investment.
2. **Market Volatility and Sentiment**: Despite ETF speculation, analysts warn that current price surges lack true bull run characteristics due to low trading volume.
3. **Ethereum Upgrades and ETFs**: Ethereum is gaining momentum following confirmed upgrades and potential ETF breakthroughs.
4. **Celsius Network and Hashdex**: Celsius Network is initiating an Ethereum token recall plan, while Hashdex leads a new commercial campaign.
5. **Bitcoin Halving and Price Outlook**: The upcoming Bitcoin halving is expected to be a primary driver for future price movements."
2024-01-07;{'ada': 2, 'btc': 204, 'eth': 77, 'sol': 7, 'xrp': 8};"1. **ETH Liquid Staking Growth**: Recent data indicates 2.15 million ETH allocated to liquid staking protocols in the last six months, with Lido Finance holding over 75% of total deposits.

2. **Bitcoin ETF Speculation**: Analysts await the SEC's decision on spot Bitcoin ETFs, which could bring billions to the industry and signal institutional investment from BlackRock.

3. **Satoshi Nakamoto Transfer**: An unknown entity transferred a significant amount of Bitcoin to the wallet believed to belong to Satoshi Nakamoto, sparking intrigue and speculation.

4. **Ethereum Whale Accumulation**: Ethereum whale activity has surged, with over 410,000 ETH units accumulated in the past month, signaling long-term bullish trends.

5. **Celsius Bankruptcy**: Celsius, a crypto lending firm, is in a lengthy bankruptcy process, allegedly mishandling nearly $470 million in Ethereum deposits."
2024-01-08;{'ada': 21, 'btc': 887, 'eth': 114, 'sol': 72, 'xrp': 56};"1. **Bitcoin ETF Approval**: The U.S. SEC is expected to approve spot Bitcoin ETFs by January 10, 2024, which could trigger a significant market rally and price increase.
2. **Litecoin Payment Usage**: Litecoin overtook major tokens like Bitcoin in payment usage, with transaction volumes hitting record highs in December.
3. **Market Sentiment**: Analysts predict a significant 10x price increase for Bitcoin as key indicators turn bullish, despite concerns about potential government seizure.
4. **Whale Activity**: Large holders are accumulating Bitcoin ahead of the upcoming SEC spot ETF decision, with recent transactions reaching record levels.
5. **Ethereum & Altcoins**: Despite Ethereum's price struggles, analysts predict an upcoming uptrend as the altcoin market cap approaches the Wyckoff pattern."
2024-01-09;{'ada': 16, 'btc': 876, 'eth': 208, 'sol': 73, 'xrp': 59};"1. **Spot Bitcoin ETF Approval:** The U.S. Securities and Exchange Commission is expected to approve spot Bitcoin ETFs on January 10, 2024, a date coinciding with the anticipated launch of BlackRock and VanEck funds.
2. **Market Price Surge:** Bitcoin has recently surged to a 19-month high of $47,192, anticipating potential approval of the first US spot ETFs.
3. **Mining Sector Activity:** Companies like Core Scientific and CleanSpark are securing new agreements to expand their hash rates, signaling a broader surge in the crypto sector.
4. **Ethereum Performance:** Ethereum is showing bullish momentum near $2,200, while the zero correlation between Bitcoin and the Nasdaq is noted.
5. **Meme Coin Activity:** The second-largest meme coin, Shiba Inu, entered a correction phase after dropping 23% to $0.0000092 amid uncertainty surrounding the Spot Bitcoin ETF."
2024-01-10;{'ada': 34, 'btc': 918, 'eth': 180, 'sol': 29, 'xrp': 28};"1. **SEC Twitter Account Compromise**: The U.S. Securities and Exchange Commission's official X account was hacked, resulting in a false tweet claiming approval for spot Bitcoin ETFs, which caused significant market volatility and liquidations.

2. **Market Volatility and Liquidations**: Following the false news, Bitcoin prices surged to new highs before dropping sharply, with analysts noting that over $220 million in liquidations occurred due to the regulatory controversy.

3. **ETF Approval Timeline**: Major financial institutions like BlackRock, Fidelity, and JPMorgan Chase are preparing to file or have filed S-1 forms for spot Bitcoin ETFs, with the expected trading date set for January 10 or 11.

4. **Price Expectations and Halving**: Analysts predict Bitcoin could reach $150,000 to $200,000 by the next bull market peak, driven by the upcoming Bitcoin halving and institutional adoption.

5. **Regulatory Response**: U.S. Senators J.D. Vance and Thom Tillis have urged the SEC to provide a detailed report on the January 9 incident, while Jay Clayton predicts the approval of spot Bitcoin ETFs is inevitable."
2024-01-11;{'ada': 29, 'btc': 1333, 'eth': 234, 'sol': 27, 'xrp': 59};"1. **SEC Approval of Spot Bitcoin ETFs**: The U.S. Securities and Exchange Commission has officially approved 11 spot Bitcoin ETFs, marking a historic regulatory milestone that allows institutional investors to trade Bitcoin directly.

2. **Market Price Surge**: Following the approval, Bitcoin's price surged to over $48,000, with analysts predicting potential price targets ranging from $300,000 to $600,000 within the current cycle.

3. **Institutional Capital Inflows**: The approval is expected to trigger significant capital inflows, with estimates suggesting billions in investment, particularly from major asset managers like BlackRock and Grayscale.

4. **Regulatory Shift and Volatility**: While the approval marks a watershed moment, it has also triggered volatility and mixed reactions, with some critics warning about potential market instability despite the regulatory acceptance.

5. **Future ETF Expectations**: Analysts anticipate that the success of the Bitcoin ETF approval will lead to the approval of similar spot ETFs for other major cryptocurrencies like Ethereum."
2024-01-12;{'ada': 31, 'btc': 806, 'eth': 225, 'sol': 51, 'xrp': 30};"1. **Spot Bitcoin ETF Approval and Market Volume**
The U.S. SEC approved 11 spot Bitcoin ETFs, generating record-breaking trading volumes of over $4.6 billion on their first day of trading.

2. **BlackRock's Divergent Stance**
While BlackRock led the initial volume with $1 billion, its CEO Larry Fink announced a refusal to purchase the new spot Bitcoin ETFs, citing a lack of alignment with traditional asset classes.

3. **Institutional Fee Reductions**
Following the ETF approval, major asset managers like Franklin Templeton reduced their sponsor fees from 0.29% to 0.19% to make the products the most cost-effective option.

4. **Vanguard's Refusal to Participate**
Vanguard, the world's largest asset management firm, declined to purchase spot Bitcoin ETFs, stating that the product did not align with its existing portfolio of equity, bond, and cash offerings.

5. **Market Volatility and Price Corrections**
Despite the initial surge, the market experienced a sharp drop below $45,000, followed by a rotation where the Coinbase Premium Gap plunged into negative territory for the"
2024-01-13;{'ada': 13, 'btc': 729, 'eth': 161, 'sol': 30, 'xrp': 25};"1. **Bitcoin ETF Approval Impact**: The U.S. SEC approval of 11 spot Bitcoin ETFs triggered significant market volatility, with Bitcoin dropping below $42,000 and triggering over $300 million in long liquidations.

2. **Market Performance Variability**: Despite the ETF approval, Bitcoin experienced a sharp decline, dropping 8% in the last few hours, while Ethereum saw a 13.5% surge to $2,650.

3. **Institutional Investor Sentiment**: Major financial institutions like Vanguard and Goldman Sachs have expressed caution or distanced themselves from crypto products following the ETF launch.

4. **Grayscale and Arbitrage Dynamics**: Grayscale's approval of its Bitcoin ETF triggered a large outflow, with the discount rate stabilizing at 1.55% after the arbitrage window closed.

5. **Future Outlook and Halving**: Analysts predict a potential 20-22% price correction for Bitcoin, anticipating a drop to $37,000-$39,000 before the April 2024 halving."
2024-01-14;{'ada': 6, 'btc': 308, 'eth': 84, 'sol': 16, 'xrp': 8};"1. **Spot Bitcoin ETF Approval**: The U.S. SEC approved spot Bitcoin ETFs, marking a historic milestone in institutional acceptance.
2. **Market Volatility**: Despite the approval, Bitcoin's price has recently dropped from a local high of $48,600 to around $43,000.
3. **Institutional Investment**: BlackRock holds the largest position among funds, having transacted approximately 11,439 bitcoins in the first fortnight.
4. **Crypto Market Cap**: The global crypto market cap rose to $1.69 trillion, driven by Bitcoin, XRP, and SHIB.
5. **Regulatory Challenges**: A Maryland father and son were sentenced for laundering over 9,000 bitcoins from dark web drug sales."
2024-01-15;{'ada': 15, 'btc': 739, 'eth': 199, 'sol': 40, 'xrp': 14};"1. **Bitcoin ETF Approval and Market Reaction**: The approval of spot Bitcoin ETFs triggered significant market optimism, with prices initially surging to $49,000 before a sharp retracement to $42,000.
2. **Celsius Network Debt Repayment**: Celsius Network plans to repay $2 billion in crypto debts after court approval, triggering market reactions and signaling creditor repayments.
3. **BlackRock's Mature Approach**: Unlike other crypto firms using pop culture, BlackRock is taking a mature approach by transferring large volumes of ETH to centralized exchanges to settle debts.
4. **Ethereum Price Surge**: The price of Ethereum surged 17.7% this week, surpassing Bitcoin's performance, driven by the recent launch of the first spot Bitcoin ETF in the U.S.
5. **BlackRock's Strategy**: BlackRock is targeting the baby boomer demographic with simple Bitcoin ETF advertisements, marking a shift from previous marketing norms to attract wealthy investors."
2024-01-16;{'ada': 10, 'btc': 604, 'eth': 162, 'sol': 22, 'xrp': 58};"1. **Bitcoin ETF Approval Impact**: The U.S. SEC's approval of 11 spot Bitcoin ETFs has caused a sharp price decline, dropping from a peak of $49,000 to below $42,000, despite significant fund inflows.

2. **Market Volatility and Sentiment**: Despite the ETF approval, the market remains volatile with a 16% drop; investors are cautious as they await regulatory clarity and potential institutional entry via ETFs.

3. **Bitcoin Price Forecast**: Analysts predict a potential price target of $500,000 or a correction to $40,000, with the upcoming Bitcoin halving expected to drive growth.

4. **Ethereum and DeFi Trends**: Ethereum is showing signs of surging relative to Bitcoin, with the token trading at $42,847 and achieving a record 80% dominance in DeFi TVL.

5. **Crypto Market Dynamics**: The market is currently navigating a correction trend as Bitcoin struggles to stabilize above $42,000, with recent activity including massive whale transactions and regulatory debates."
2024-01-17;{'ada': 21, 'btc': 808, 'eth': 227, 'sol': 17, 'xrp': 46};"1. **Bitcoin Spot ETF Volume and Market Sentiment**
   The US SEC has approved spot Bitcoin ETFs, triggering massive trading volumes and shifting institutional sentiment toward the asset.

2. **Grayscale GBTC Outflows and Fee Concerns**
   Grayscale's GBTC ETF recorded significant outflows due to high trading fees and accounting irregularities, contrasting with other major funds like BlackRock.

3. **JPMorgan Skepticism and Market Volatility**
   JPMorgan CEO Jamie Dimon criticized the crypto market at Davos 2024, while the market experienced a sharp drop as Bitcoin dipped below $42,000.

4. **Ethereum Dencun Upgrade and Scalability**
   The Ethereum Dencun upgrade went live on the Goerli testnet to address scalability issues, marking a crucial step toward the mainnet.

5. **XRP Ledger Genesis Block and Community Reassurance**
   Ripple's CTO addressed the missing genesis block on the XRP Ledger by drawing parallels to Ethereum's genesis block to reassure the community."
2024-01-18;{'ada': 10, 'btc': 737, 'eth': 162, 'sol': 45, 'xrp': 70};"1. **Bitcoin ETF Approval Impact**: The approval of spot Bitcoin ETFs triggered a ""sell-the-news"" reaction, causing a sharp drop in Bitcoin's value from $48,700 to a low of $41,500.
2. **Miner Activity and Hash Rate**: Bitcoin miners sold over 10,000 BTC in a single day, marking the largest daily decline in over a year and contributing to price stagnation.
3. **Ethereum Network Updates**: The Ethereum network successfully implemented the Dencun upgrade on the Goerli testnet, enhancing liquidity and allowing validators to deposit ETH as principal.
4. **Core Scientific and CORZQ**: Core Scientific is positioning itself for the post-halving crypto bull market by expanding its hash rate and colocation capacity, while CORZQ was revised from ""sell"" to ""hold"" due to its exit from bankruptcy.
5. **XRP and XRPX**: XRP was predicted to rise short-term and hit an all-time high, though recent transaction data involving 443 million tokens remains unclear and may be a security measure to protect funds."
2024-01-19;{'ada': 24, 'btc': 739, 'eth': 201, 'sol': 36, 'xrp': 83};"1. **Bitcoin ETF Approval and Market Impact**: The approval of spot Bitcoin ETFs has driven significant market activity, with BlackRock and Fidelity leading inflows, while Grayscale's GBTC fund saw substantial outflows.
2. **Mining Sustainability and Costs**: Bitcoin mining has slowed by 34% due to extreme weather and power shortages in Texas, while costs are forecast to reach $37,856 after the April halving.
3. **Price Volatility and Whale Activity**: Bitcoin experienced a sharp drop to $40,900 amid strong selling pressure, with a whale dump of 59,000 BTC worth over $2.4 million, while the price stabilized around $42,000.
4. **Regulatory Delays and SEC Actions**: The SEC has delayed decisions on Fidelity's and Coinbase's spot Ethereum ETF proposals until March 2024, and the XRP CTO defended the XRP Ledger by arguing the genesis block choice is arbitrary.
5. **Altcoin Surge and Correlation**: Ethereum showed signs of a potential turning point despite recent gains, while the correlation between Bitcoin and Ethereum dropped below its long-term average, signaling a"
2024-01-20;{'ada': 20, 'btc': 530, 'eth': 82, 'sol': 19, 'xrp': 29};"1. **Spot Bitcoin ETFs Drive Institutional Adoption**
   The approval of 11 spot Bitcoin ETFs marks a watershed moment, signaling institutional acceptance and paving the way for mainstream financial integration.

2. **Market Volatility Follows ETF Approval**
   Despite the regulatory milestone, the crypto market saw a sharp price drop of over 15% following the SEC's historic greenlighting of 11 proposals.

3. **Whale Activity Signals Potential Bullish Recovery**
   On-chain data indicates a surge in ""whales"" (entities holding over 1,000 BTC), potentially signaling a continuation of the bull cycle.

4. **Institutional Liquidation and Asset Offloading**
   Major asset managers like Grayscale and Fidelity are offloading significant Bitcoin holdings to fulfill redemptions and liquidate assets.

5. **Crypto Market Shifts to Alt Season**
   The crypto market is poised for a selective ""alt season"" in 2024, distinct from the 2020/2021 surge, as Bitcoin faces short-term bearish sentiment."
2024-01-21;{'ada': 13, 'btc': 202, 'eth': 126, 'sol': 25, 'xrp': 18};"1. **Vanguard Group's Cautious Crypto Stance**: Vanguard Group has adopted a conservative stance on the crypto market, echoing Jack Bogle's sentiment of avoiding Bitcoin like the plague.
2. **Bitcoin ETF Launch and Market Correction**: The upcoming spot Bitcoin ETF launch triggered a significant market correction, with prices dropping below $42,000.
3. **Bitcoin Approaching Pre-Halving Bottom**: Bitcoin's price has extended below $42,000 and is approaching a pre-halving bottom.
4. **BlackRock's Withdrawal of Spot Bitcoin ETFs**: BlackRock has withdrawn spot Bitcoin ETFs and removed futures-backed funds, though its spot ETF has surpassed $1 billion in assets under management.
5. **Ethereum and Layer 2 Scaling Solutions**: Ethereum is seeing increased interest as the market shifts from a Bitcoin-dominated trend to an altcoin-focused one, with Layer 2 solutions like Optimism addressing scalability and high transaction fees."
2024-01-22;{'ada': 34, 'btc': 542, 'eth': 186, 'sol': 19, 'xrp': 21};"1. **DeFi TVL Growth**: Total value locked in decentralized finance rose from $37.46B to $57.74B over 93 days.
2. **Ethereum Dominance**: 57.3% of total DeFi value is anchored in Ethereum, with Lido's liquid staking accounts for 40.21%.
3. **Mining Profitability**: Bitcoin's SHA256 algorithm ranks as the third most lucrative PoW network, while Grayscale's higher ETF fee decision triggered a $3 billion outflow.
4. **Market Sentiment**: The crypto market is volatile, with Bitcoin dropping 2.5% in 24 hours and Ethereum facing sustained bearish momentum following the SEC's spot ETF approval.
5. **Grayscale ETF Flows**: Grayscale's decision to keep ETF fees at 1.5% is described as a strategic error, while FTX's sale of the ETF triggered a $1 billion outflow."
2024-01-23;{'ada': 20, 'btc': 761, 'eth': 305, 'sol': 40, 'xrp': 64};"1. **Bitcoin ETF Approval Impact**: The approval of US spot Bitcoin ETFs has triggered a significant market downturn, with Bitcoin dropping below $40,000 and facing increased selling pressure from Grayscale and FTX.

2. **Grayscale and FTX Outflows**: Grayscale has executed massive outflows of approximately $2.14 billion, while FTX's bankruptcy estate has sold approximately $1 billion worth of GBTC shares, contributing to the price decline.

3. **Market Sentiment Shift**: The broader crypto market has shifted from optimism to nervous uncertainty following the launch of the Bitcoin ETFs, with investors facing a significant $100 billion loss in two days.

4. **Whale Activity and Causality**: A prominent whale purchased 19,020 ETH over two days, and the SEC admitted a SIM swap attack, which has contributed to the bearish sentiment and price drops.

5. **Altcoin and Halving Expectations**: Analysts expect altcoins like Ethereum and Solana to rally if Bitcoin drops further, with some predicting a potential decline below $20,000 despite the recent surge."
2024-01-24;{'ada': 12, 'btc': 738, 'eth': 208, 'sol': 57, 'xrp': 35};"1. **Bitcoin ETF Approval Impact**: The approval of spot Bitcoin ETFs has triggered a significant price drop, with Bitcoin falling below $40,000 for the first time since early December.

2. **Institutional Selling Pressure**: Major holders like BlackRock and Fidelity have acquired physical Bitcoin to support the funds, while Grayscale has seen a massive investor exodus, limiting price growth.

3. **Market Volatility and Downturn**: The crypto market is currently experiencing sharp declines, with Bitcoin dropping over 20% and Ethereum falling 7% following the ETF approval and institutional selling.

4. **Price Rebound and Support Levels**: Despite the recent drop, Bitcoin has shown signs of a potential bottoming pattern and a possible rise to $53,256, while other altcoins like Solana are also seeing renewed strength.

5. **Future Outlook and Halving**: Analysts are speculating on potential price surges following the next Bitcoin halving, which could double mining costs and cut revenue by half, risking the entire sector."
2024-01-25;{'ada': 6, 'btc': 795, 'eth': 198, 'sol': 53, 'xrp': 44};"1. Grayscale's Bitcoin Trust (GBTC) reported its lowest daily outflows since the launch of its spot Bitcoin ETF, signaling potential exhaustion in selling.
2. BlackRock launched its IBIT spot Bitcoin ETF, which saw $3 billion in trades in its first week, signaling mainstream adoption.
3. The SEC delayed its decision on the iShares Ethereum Trust ETF, while Bitcoin prices have recently dropped below $40,000.
4. Bitcoin price volatility is driven by a massive 2800% volume surge in the last 24 hours, fueled by institutional buying and the strategic expansion of LSK.
5. Analysts like Fred Krueger predict a ""vicious"" Bitcoin rally following the SEC's approval of spot ETFs, citing Fidelity and BlackRock's massive accumulation."
2024-01-26;{'ada': 28, 'btc': 655, 'eth': 204, 'sol': 9, 'xrp': 28};"1. **SEC Postponement of Grayscale and BlackRock ETF Applications**
The U.S. SEC postponed its decision on BlackRock's spot Ethereum ETF application to March 10, 2024, for a comprehensive assessment, following a similar postponement for Grayscale's ETHE ETF.

2. **BlackRock and Fidelity ETF Performance**
BlackRock's IBIT and Fidelity's FBTC are seeing combined negative flows for the first time since launch, failing to match the inflows from Grayscale's GBTC.

3. **Kelexo Cardano Network Growth**
Kelexo Cardano has surpassed expectations with a significant surge in smart contract usage, reaching 24,050 executions by January 24, a 67% increase from the start of the year.

4. **Bitcoin ETF Market Dynamics**
The approval of spot Bitcoin ETFs marks a significant milestone in legitimizing cryptocurrency as a mainstream asset class, despite initial skepticism and regulatory hurdles.

5. **Ethereum and Bitcoin Price Movements**
Ethereum faces significant selling pressure while Bitcoin is trading near $40,000, with analysts expecting a rally driven by the"
2024-01-27;{'ada': 9, 'btc': 389, 'eth': 163, 'sol': 21, 'xrp': 37};"1. **Bitcoin Halving Impact**: The upcoming Bitcoin halving in April 2024 is expected to drive major returns for altcoins and increase miner profitability.
2. **ETF Approval and Market Activity**: The approval of spot Bitcoin ETFs has triggered significant trading volume, with billions in transactions moving between institutions.
3. **Institutional Sales Pressure**: Recent institutional sales on Coinbase and Grayscale are linked to Bitcoin's price volatility and potential decline.
4. **Layer 2 Solutions**: Layer 2 solutions like Sidechains and Optimistic Rollups build on the main blockchain to improve speed and cost-efficiency.
5. **Market Recovery Trends**: The crypto market is seeing increased activity, with major altcoins recovering significantly after a recent period of decline."
2024-01-28;{'ada': 80, 'btc': 274, 'eth': 98, 'sol': 12, 'xrp': 34};"1. **Bitcoin ETF Volume and Price Recovery**: Recent U.S. spot Bitcoin ETFs saw $25.36 billion in trading volume over 11 days, with Bitcoin rebounding from a 40% pullback to approach $42,000.
2. **Crypto Social Media Exploits**: The Algorand Foundation's CEO Staci Warden's X account was hacked, marking the third major crypto-related social media exploit this month.
3. **Grayscale ETF Outflows and Market Cooling**: Grayscale's GBTC ETF experienced a record low in outflows, coinciding with the lowest outflow day for a GBTC Spot Bitcoin ETF since its conversion to a Spot Bitcoin ETF.
4. **SEC Settlement and Ripple IPO Potential**: Analysts suggest XRP could surge 1000% once the SEC and Ripple settle their legal battle, citing uncertainty as a major market deterrent.
5. **Bitcoin Price Prediction and Whale Activity**: Multiple sources predict a significant price surge for Bitcoin post-halving, with some suggesting a potential rise to $594 or even $170,000."
2024-01-29;{'ada': 8, 'btc': 603, 'eth': 137, 'sol': 55, 'xrp': 24};"1. **US Spot Bitcoin ETF Approval**: The US government has approved spot Bitcoin ETFs, which is expected to drive significant growth in Bitcoin ETFs and boost institutional interest.
2. **Bitcoin Price Volatility**: Bitcoin has seen significant price fluctuations, ranging from a predicted drop to $30,000 to a potential rally toward $50,000, influenced by the upcoming halving and ETF approvals.
3. **Grayscale Fund Outflows**: Grayscale's spot Bitcoin ETF saw its first net outflow of $158 million on Jan. 24, though these outflows are beginning to decrease.
4. **Bitcoin Halving Impact**: The upcoming Bitcoin halving is expected to drive a potential rally in the next 1-2 weeks, driven by the potential for low-fee Bitcoin ETFs from major financial institutions.
5. **Cryptocurrency Regulatory News**: The US government announced it will sell $130 million of Silk Road Bitcoin, sparking speculation about its impact on Bitcoin's value."
2024-01-30;{'ada': 21, 'btc': 555, 'eth': 161, 'sol': 61, 'xrp': 28};"1. **Bitcoin ETF Fee Reductions**: Invesco and Galaxy Digital slashed their spot Bitcoin ETF fees by 35% to 0.25 BPS to attract investors.
2. **Grayscale ETF Dominance**: Grayscale's spot Bitcoin ETF is losing its dominance in daily trading volume despite a recent sell-off.
3. **German Bitcoin Seizure**: Authorities in Saxony seized 50,000 Bitcoins worth $2.17 billion in an operation.
4. **Sui TVL Surge**: Sui TVL has surged over 1000% in four months, overtaking Bitcoin, Cardano, and Base in DeFi activity.
5. **ETF Approval Expectations**: Standard Chartered Bank predicts the U.S. SEC will approve spot Ethereum ETFs by May 23, 2024."
2024-01-31;{'ada': 16, 'btc': 560, 'eth': 173, 'sol': 44, 'xrp': 25};"1. **Bitcoin ETF Approval and Market Dynamics**: The approval of spot Bitcoin ETFs has driven massive inflows, signaling a potential surge in price to $60,000 by late 2024.
2. **Layer 2 Scaling and Dencun Upgrade**: The Dencun upgrade on the Sepolia testnet marks a step toward implementing proto-danksharding and reducing Layer 2 transaction fees.
3. **Ethereum and AI Integration**: Vitalik Buterin warns developers about the intersection of AI and blockchain, suggesting AI could integrate into protocols as a strategic participant.
4. **Bitcoin Price Volatility and RSI Signals**: Recent charts show Bitcoin approaching an overbought level (RSI < 70), which historically signals a potential trend reversal.
5. **Global Regulatory Shifts and Stablecoin Trends**: China has announced significant changes to anti-money laundering laws, while the stablecoin market cap rebounded from ~$119.5B to ~$130B."
2024-02-01;{'ada': 8, 'btc': 454, 'eth': 119, 'sol': 47, 'xrp': 20};"1. **Federal Reserve Policy**: The U.S. Federal Reserve maintained the federal funds rate unchanged on Jan. 31, 2023, signaling a delay in reducing the target range until inflation approaches 2%.
2. **Bitcoin Market Sentiment**: Bitcoin is trading below $42,800 with a 1% loss in the last 24 hours, despite a 5% gain over the previous week, driven by the Federal Reserve's interest rate stance.
3. **ETF Approvals and Regulatory Action**: Standard Chartered and Grayscale are expected to approve spot Ethereum ETFs in May, while the US SEC previously rejected spot Bitcoin ETFs for over a decade.
4. **Global Seizures and Legal Tender**: The UK seized £1.4 billion in Bitcoin from Chinese investment fraudsters, and President Nayib Bukele confirmed that Bitcoin will remain legal tender in El Salvador.
5. **Institutional Withdrawals and Mining**: Large withdrawals from BitMEX by ""Joe007"" suggest institutional investors are withdrawing capital, while Celsius Network's mining assets were acquired by Ionic Digital."
2024-02-02;{'ada': 6, 'btc': 544, 'eth': 215, 'sol': 76, 'xrp': 38};"1. **Bitcoin (BTC):** Analysts predict a potential surge to $50,000 before a correction, driven by historical market cycles and pre-halving expectations.
2. **Ethereum (ETH):** The network is anticipating a $2,400–$4,000 rebound following the Dencun upgrade, with a potential $2,400–$4,000 rebound following the Dencun upgrade.
3. **Bitcoin Adoption:** President reaffirms his commitment to Bitcoin adoption despite approaching elections.
4. **ETF Approvals:** Spot Bitcoin ETF approval is expected to drive mass adoption; spot Ethereum ETF approval is anticipated in Hong Kong.
5. **Market Sentiment:** The market remains muted compared to previous rallies; analysts are cautiously long, anticipating a potential $30k–$60k range."
2024-02-03;{'ada': 6, 'btc': 271, 'eth': 74, 'sol': 47, 'xrp': 18};"1. **Taproot Wizards Delay**: The team has delayed the minting of their ""Quantum Cats"" Bitcoin Ordinals collection a third time due to technical difficulties and the need for further testing.
2. **Marathon Digital & Hut 8 Agreement**: Marathon Digital announced an agreement to acquire two of Hut 8's Bitcoin mining sites (in Kearney, Nebraska and Granbury, Texas) for $13.5 million.
3. **Chainlink Resistance**: Analyst Ali noted significant on-chain resistance at $20 due to high holder cost basis, with the asset expected to continue testing resistance until it hits the $20 wall.
4. **FTX Case Ruling**: An Australian judge ruled that only those who initiated withdrawal requests can claim a share of the $26 million recovered from the FTX collapse.
5. **Valkyrie ETF Strategy**: A leading digital asset management firm, Valkyrie, has implemented a dual custody strategy for its spot Bitcoin ETF, collaborating with BitGo and Coinbase to enhance security."
2024-02-04;{'ada': 18, 'btc': 188, 'eth': 75, 'sol': 10, 'xrp': 12};"1. **Bitcoin ETF Approval and Market Reaction**: Following the U.S. SEC's approval of Bitcoin ETFs, the market has seen significant gains, particularly in Bitcoin, while Ethereum faces a massive weekly drop.
2. **Bitcoin Price Volatility**: Trading around $43,000 with a slight decrease of nearly 0.50% on Sunday, the price fluctuated around the $43,000 mark in the last 24 hours.
3. **Bitcoin Halving Impact**: Despite the upcoming April 2024 halving, data suggests the price may continue rising as the market shifts from Bitcoin's solitary status to a diverse ecosystem.
4. **Bitcoin Network Expansion**: Major players like Facebook, Instagram, and Alphabet are exploring spot Bitcoin ETFs, while the market faces challenges including a potential collapse in traditional markets and a $1.6 billion crypto sale by Genesis.
5. **Bitcoin 2.0 and Kaspa**: Kaspa (KAS) is a decentralized, open-source Layer-1 blockchain often called ""Bitcoin 2.0,"" featuring the GHOSTDAG protocol and significantly faster transaction speeds compared to traditional blockchains."
2024-02-05;{'ada': 53, 'btc': 568, 'eth': 184, 'sol': 20, 'xrp': 26};"1. **Bitcoin Price Forecast**: Analysts predict a potential price range of $48,000 to $50,000 before a correction to $36,000–$38,000 following the Bitcoin halving.
2. **ETF Inflows**: Nine spot Bitcoin ETFs launched in January 2024 have increased holdings, with BlackRock's IBIT holding 72,466.64 BTC.
3. **Market Volatility**: Bitcoin dipped below $43,000 on Feb. 5, 2024, while Ethereum and BNB struggled to sustain key levels amid market volatility.
4. **Chainlink Performance**: Chainlink (LINK) broke the $18 supply zone and is trending toward the $19 target, with 119,583 tokens withdrawn from Binance in one hour.
5. **El Salvador Election**: President Nayib Bukele secured a second 5-year term in the presidential election, having previously made Bitcoin legal tender in 2021."
2024-02-06;{'ada': 15, 'btc': 496, 'eth': 131, 'sol': 35, 'xrp': 17};"1. **Bitcoin ETF Inflows Surge**: Spot Bitcoin ETFs recorded $703 million in inflows, with BlackRock and Fidelity leading institutional adoption.
2. **Ethereum Technical Analysis**: ETH is trading above $2,300, showing bullish momentum with resistance near $2,350.
3. **Bitcoin Price Consolidation**: BTC is hovering near $43,000, failing to break above $43,600 and facing resistance at $43,200.
4. **Altcoin Market Volatility**: The crypto market is volatile, with altcoins like Sui and Dymension showing signs of weakness.
5. **Bitcoin Halving Outlook**: Analysts predict a post-halving rally toward $48,000-$50,000 before a potential correction to $36,000-$38,000."
2024-02-07;{'ada': 20, 'btc': 414, 'eth': 195, 'sol': 46, 'xrp': 77};"1. **Bitcoin ETFs and Institutional Adoption**: BlackRock's iShares Bitcoin ETF recorded over $3.19 billion in inflows, marking a historic milestone as institutional demand grows despite short-term weakness.
2. **MicroStrategy Holdings**: The company, led by Michael Saylor, returned to profitability in Q4 2023 due to tax benefits from its $8.17 billion Bitcoin holdings, bringing total holdings to 190,000 BTC.
3. **Ethereum Upgrades and Scalability**: The Dencun upgrade introduces ""blobs"" to compress transaction data off-chain, enhancing scalability and potentially driving price appreciation.
4. **XRP Price Action and Regulatory Impact**: Despite a 15% increase in trading volume, XRP is currently trading slightly below $0.50, with analysts predicting a potential parabolic rise following recent regulatory wins.
5. **Riot Platforms and Hash Rate**: Riot Platforms' hash rate remains subpar compared to global standards despite a 90% revenue share, aiming to reach 20.1 EH/s by Q2 2024."
2024-02-08;{'ada': 42, 'btc': 572, 'eth': 191, 'sol': 48, 'xrp': 14};"1. **Bitcoin Price Surge and ETF Impact**: Bitcoin has surged above $44,000 following the approval of spot Bitcoin ETFs, with analysts predicting a potential breakout to $45,000 or higher.
2. **Ethereum Upgrades and Scalability**: The Dencun upgrade for Ethereum aims to reduce Layer-2 transaction fees and signals a path toward a mainnet launch, while the Holesky testnet has completed its final testing phase.
3. **Whale Activity and Market Sentiment**: Major crypto whales are reducing their selling pressure, and new non-zero wallets are increasing, contributing to a bullish outlook despite some price corrections.
4. **Cryptocurrency Exchange Netflow Trends**: Recent data shows prolonged periods of negative netflow (withdrawals) for Ethereum, indicating potential long-term accumulation by investors.
5. **Bitcoin Halving and Supply Dynamics**: The upcoming Bitcoin halving, which reduces mining rewards every 210,000 blocks, is a primary driver for potential price rallies due to increased scarcity."
2024-02-09;{'ada': 35, 'btc': 532, 'eth': 244, 'sol': 110, 'xrp': 23};"1. **Bitcoin ETF Inflows Drive Price Surge**
   Spot Bitcoin ETFs recorded their third-largest daily inflow, signaling market optimism as the price surged past $47,500.

2. **Ethereum Staking Market Overview**
   Ethereum is seeing positive momentum following the Dencun upgrade deployment on the Holesky testnet.

3. **Litecoin Performance Decline**
   Litecoin struggled to recover after its recent surge, remaining below its two-week high.

4. **SocialFi Market Activity**
   SocialFi is experiencing a resurgence in investor excitement following a 10% price increase in 24 hours.

5. **Solana Network Recovery**
   Solana experienced a price rally, briefly surpassing the $125 threshold before settling below $100."
2024-02-10;{'ada': 25, 'btc': 304, 'eth': 126, 'sol': 20, 'xrp': 17};"1. **Bitcoin Market Outlook**: Analysts predict a potential surge to over $250,000 following recent ETF inflows and pre-market activity.
2. **Cardano (ADA) Performance**: Analysts anticipate a top performer in the next bull run, citing technical similarities to pre-Halving cycles.
3. **Grayscale ETF Outflows**: Grayscale's Spot Bitcoin ETF (GBTC) saw $101.6 million in outflows, signaling a shift in investor sentiment.
4. **Ethereum Options Market**: There is a significant concentration of call options for Ethereum (ETH) around the $4,000 strike price for June and September expiries.
5. **Trading Contest Launch**: A Bitrue contest launched on Feb. 7 to engage users in trading XRP, BTC, and ORDI, with a $1 million prize pool."
2024-02-11;{'ada': 2, 'btc': 230, 'eth': 92, 'sol': 24, 'xrp': 7};"1. **Bitcoin Price Surge**: Bitcoin has surged to $48,500, marking its highest point in 26 months.
2. **ETF Milestones**: Spot Bitcoin ETFs have accumulated over $10 billion in assets under management within one month.
3. **Market Outlook**: Analysts predict a new bear market cycle will begin around October 2025 following the Bitcoin halving.
4. **Craig Wright Accusations**: Craig Wright continues to face accusations of forgery regarding his claim as Bitcoin's creator.
5. **Shiba Inu Recovery**: Shiba Inu has recovered from a two-month downtrend, sparking speculation of a new bull run."
2024-02-12;{'ada': 31, 'btc': 595, 'eth': 213, 'sol': 32, 'xrp': 22};"1. **Bitcoin ETF Inflows Drive Price Surge**
   Spot Bitcoin ETFs are seeing a significant net inflow, driving the price up. Coinshares reported a $1.1 billion weekly investment surge, with Bitcoin dominating at 98%.

2. **Ethereum Gas Fees Reach Multi-Month Highs**
   Ethereum gas fees have hit multi-month highs, and Ethereum is solidifying its position as the leading revenue-generating protocol.

3. **Bitcoin Approaches $50,000 Milestone**
   Bitcoin has hit $50,000 for the first time in over two years, but selling pressure on exchanges halted the advance.

4. **Cardano Identified as Top Bull Market Frontrunner**
   Gert van Lagen identifies Cardano (ADA) as the top frontrunner for the bull market, citing its lack of centralized entities.

5. **Shibarium Positioned as Promising Contender**
   The Shibarium network aims to stand out as Bitcoin's price rises and ETF approvals draw investor interest."
2024-02-13;{'ada': 29, 'btc': 969, 'eth': 284, 'sol': 61, 'xrp': 27};"1. **Bitcoin ETF Approval and Institutional Inflows**
   The U.S. SEC approved spot Bitcoin ETFs on January 10, 2024, marking a significant milestone that attracted $1.1 billion in institutional inflows, signaling renewed investor confidence and a potential new bull run.

2. **Bitcoin Price Surge to $50,000**
   Bitcoin surged to $50,000 for the first time since December 2021, driven by strong demand from investors like Michael Saylor and the upcoming April 2024 Bitcoin halving.

3. **Ethereum ETF Filing and Market Sentiment**
   Franklin Templeton filed for an SEC approval for a Spot Ethereum ETF, while the market experienced extreme greed sentiment with the Fear & Greed Index reaching 79.

4. **Bitcoin Halving and Supply Dynamics**
   The upcoming halving event, occurring in April 2024, will reduce miner rewards by half, potentially boosting investor returns and driving the price toward a 10x to 12x rally.

5. **Global Market Capitalization and Liquidity**
   The total crypto market capital"
2024-02-14;{'ada': 21, 'btc': 747, 'eth': 242, 'sol': 62, 'xrp': 49};"1. **Spot Bitcoin ETF Inflows:** Spot Bitcoin ETFs have seen record inflows, with BlackRock's iShares Bitcoin Trust (IBIT) accumulating over 100,000 BTC and Robinhood reporting massive Q4 profits.

2. **Market Cap Milestone:** Bitcoin has surpassed the $1 trillion market cap threshold, marking a historic milestone driven by institutional surges and the upcoming Bitcoin halving.

3. **ETF Approval and Adoption:** The SEC's approval of spot Bitcoin ETFs has shifted the investment landscape, with major holders like Fidelity and Ark21 Shares accumulating significant assets.

4. **Price Volatility and Correction:** Despite ETF inflows, Bitcoin experienced a sharp pullback to $49k-$50k, triggering panic sales and liquidations of approximately $140 million.

5. **Institutional Adoption:** Major holders such as Fidelity and Ark21 Shares have accumulated over $339 million in Bitcoin, signaling strong institutional adoption and a potential bull market."
2024-02-15;{'ada': 43, 'btc': 674, 'eth': 173, 'sol': 36, 'xrp': 37};"1. **Bitcoin ETF Inflows Drive Price Surge**
   Institutional demand from BlackRock's IBIT ETF, which absorbed over 70,000 BTC, pushed Bitcoin prices above $51,000.

2. **Genesis Liquidation Threatens Market Stability**
   A potential liquidation of over $1.4 billion in GBTC shares by Genesis could trigger significant market volatility.

3. **Whale Activity Signals Volatility**
   Recent large-scale whale transactions, such as those involving Shiba Inu and Injective, indicate high investor interest and potential turbulence.

4. **Pre-Halving Rally Expected**
   Analysts anticipate a significant rally for Bitcoin as it approaches the upcoming April halving event.

5. **ETF Fee Reduction Attracts Capital**
   VanEck's reduction of Spot Bitcoin ETF fees to 0.2% has attracted significant inflows and is now a major competitor to other funds."
2024-02-16;{'ada': 38, 'btc': 548, 'eth': 182, 'sol': 35, 'xrp': 25};"1. **Bitcoin ETF Inflows Drive Market Surge**
   Institutional investors are driving a significant price surge in Bitcoin, with spot ETFs seeing record net inflows of billions of dollars.

2. **Ethereum Faces Resistance Near $2,850**
   Ethereum is currently trading above the $2,800 level but faces resistance near $2,850 as the market continues to rally.

3. **Coinbase Reports Strong Q4 2023 Earnings**
   Coinbase reported a net income of $273 million, driven by the success of Spot Bitcoin ETFs and favorable market conditions.

4. **SEC Fines VanEck for ETF Custody Failures**
   The SEC fined VanEck Associates $1.75 million for failing to act as an asset custodian for Spot Bitcoin ETFs despite fulfilling that role for other ETPs.

5. **DeeStream Platform Attracts Ethereum and Litecoin Funds**
   The DeeStream presale attracted significant investment from the Ethereum and Litecoin communities, with 100% of funds supporting Brink engineers' open-source Bitcoin development work."
2024-02-17;{'ada': 23, 'btc': 429, 'eth': 105, 'sol': 23, 'xrp': 22};"1. **Bitcoin ETF Inflows and Institutional Adoption**: Spot Bitcoin ETFs have recorded massive net inflows, with Blackrock leading the charge, signaling strong institutional demand and a potential shift in market dynamics.

2. **Bitcoin Halving and Mining Sector Dynamics**: The upcoming April halving presents a systematic risk requiring miners to achieve faster-than-network expansion and improved cost efficiency to succeed.

3. **MicroStrategy and Bitcoin Custodianship**: MicroStrategy's Bitcoin holdings have surpassed $10 billion, with 98% of its assets held by Fidelity, reflecting confidence in Bitcoin as an inflation hedge.

4. **Ethereum and XRP Market Performance**: Ethereum is approaching $2,800 while XRP struggles to regain the $0.60 mark, indicating divergent trends in the broader crypto ecosystem.

5. **Shorting Bitcoin and Market Volatility**: Despite recent price drops, traders are shifting profits into presales and ETFs, while some analysts predict further corrections below $50,000."
2024-02-18;{'ada': 24, 'btc': 237, 'eth': 62, 'sol': 34, 'xrp': 9};"1. **Bitcoin Price Surge**: Bitcoin rallied sharply, reaching $51,719, fueled by inflows from spot Bitcoin ETFs and a potential April 2024 halving.
2. **Coinbase Financial Performance**: Coinbase posted its first profitable quarter in over two years, with net income significantly increasing.
3. **ETF Market Impact**: The approval of Bitcoin ETFs has triggered a major influx of funds, with experts like Matt Hougan noting the surge.
4. **Market Outlook and Halving**: Analysts predict a potential rally to $69,000, signaling the start of an altcoin season following the anticipated Bitcoin halving.
5. **Crypto Scam and Volatility**: A $26 million crypto scam involving the FixedFloat exchange resulted in the loss of 409 Bitcoin and 1,728 Ethereum."
2024-02-19;{'ada': 12, 'btc': 532, 'eth': 231, 'sol': 18, 'xrp': 43};"1. **Bitcoin ETF Inflows Drive Market Confidence**
   Recent data shows record weekly inflows of $2.2 billion into spot Bitcoin ETFs, signaling strong market confidence and driving price action above $52,000.

2. **Ethereum Approaches $3,000 as Institutional Interest Grows**
   Ethereum has surged to near $3,000, with whale activity and institutional interest expected to continue its strong performance ahead of the April halving.

3. **Shiba Inu Predicts Massive Rally Following Ecosystem Completion**
   Analysts forecast a 113,302% rally for Shiba Inu (SHIB) as the ecosystem completes its proposed projects and the market consolidates gains.

4. **Marathon Digital Positioned for Q4 Earnings Surge**
   Marathon Digital is expected to report a significant Q4 earnings increase with a projected 385% YoY revenue jump due to operational efficiency and strategic expansion.

5. **Bitcoin Price Outlook Targets $55,000 to $100,000**
   Analysts predict Bitcoin could reach $55,000 soon and"
2024-02-20;{'ada': 43, 'btc': 460, 'eth': 290, 'sol': 22, 'xrp': 72};"1. **Bitcoin ETF Inflows and Market Sentiment**: Record inflows of $2.45 billion have driven Bitcoin to $52,000, signaling strong institutional adoption and optimism despite recent corrections.
2. **Ethereum Price Action and Upgrades**: Ethereum is approaching $3,000, with the upcoming Dencun upgrade expected to boost scalability and efficiency.
3. **Worldcoin and Alameda Research**: Worldcoin surged 31% to $7.98, driven by Alameda Research's $50 million investment, highlighting the impact of major players in the DeFi space.
4. **XRP and Legal Developments**: Analysts predict XRP could reach $27, while legal challenges continue regarding the SEC lawsuit and money laundering cases involving high-profile figures.
5. **DeFi Ecosystem Growth**: The DeFi ecosystem surpassed $2 billion in market cap, reflecting a shift toward institutional adoption and the potential for altcoin rallies."
2024-02-21;{'ada': 43, 'btc': 619, 'eth': 401, 'sol': 42, 'xrp': 89};"1. **Bitcoin ETF Volume Surge**: The VanEck spot Bitcoin ETF saw a trading volume jump of over 14x, reaching $300 million, signaling strong institutional interest.
2. **Micro-Euro Futures Launch**: CME Group plans to launch micro-euro-denominated futures for Bitcoin and Ethereum on March 18, contingent on regulatory approval.
3. **Whale Accumulation**: A specific class of investors holding 1,000–10,000 BTC has added over 140,000 BTC in the last three weeks, worth approximately $1.4 billion.
4. **US Sanctions and Recovery**: U.S. agencies sanctioned two Russian nationals and 10 crypto wallets, offering victims recovery assistance.
5. **Ethereum Price Breakthrough**: Ethereum briefly touched its highest level since April 2022, momentarily surpassing the $3,000 mark before facing a pullback to $2,900."
2024-02-22;{'ada': 12, 'btc': 509, 'eth': 328, 'sol': 55, 'xrp': 108};"1. **Bitcoin Price Outlook**: Analysts predict Bitcoin could reach $150,000 this year and $500,000 over the next five years, citing institutional adoption and the Spot Bitcoin ETFs.
2. **Market Sentiment**: Despite recent profit-taking and a pullback from $3,000, Bitcoin's pre-halving behavior signals a shift toward a potential bull market.
3. **ETF Impact**: The launch of Bitcoin Spot ETFs is expected to drive institutional demand and push prices higher by late 2024.
4. **Altcoin Performance**: While the Altseason Indicator suggests altcoins are back, they have outperformed Bitcoin recently in the current market cycle.
5. **Ethereum & Layer 2**: Ethereum has rebounded above $3,000, with key support at $2,900 and resistance at $3,340, while Layer 2 projects like Polygon and Arbitrum are poised to benefit from the ecosystem's growth."
2024-02-23;{'ada': 38, 'btc': 607, 'eth': 206, 'sol': 19, 'xrp': 41};"1. **Bitcoin ETF Approval and Market Dynamics**: The approval of spot Bitcoin ETFs has driven significant institutional adoption, with inflows exceeding $5 billion and a 90% surge in Bitcoin sales, despite some outflows from major platforms.

2. **Ethereum Price Correction and Layer-2 Growth**: Ethereum has experienced a price correction, dropping below the $3,000 resistance level, while layer-2 projects like Blast are seeing significant TVL growth and anticipation of airdrops.

3. **Bitcoin Halving and Supply Shock**: The upcoming Bitcoin halving is expected to trigger a supply shock, potentially depleting the Open-Channel Trading (OTC) reserve and leading to a price surge if miners do not sell half of the post-halving supply.

4. **Institutional Adoption and Corporate Investment**: Major corporations including Tesla, MicroStrategy, and Fidelity are increasing their Bitcoin holdings, with Fidelity leading inflows into the spot ETF despite some outflows from other major platforms.

5. **Altcoin Performance and Regulatory Actions**: While Bitcoin and Ethereum are seeing price fluctuations, other altcoins like Shiba Inu and Cardano are also experiencing price movements, alongside legal actions against"
2024-02-24;{'ada': 13, 'btc': 389, 'eth': 170, 'sol': 37, 'xrp': 88};"1. **Bitcoin ETF Approval and Market Inflows**: Analysts predict a surge to $300,000–$600,000, with some projections reaching $500,000, driven by the US Bitcoin ETF approval and Grayscale's liquidation of holdings.
2. **Ethereum and Solana Price Action**: Investors are anticipating massive gains (up to 30x) in Ethereum (ETH) and Solana (SOL) as the Bitcoin halving approaches, with JPMorgan noting the halving impact is already priced in.
3. **Ripple Legal Battles and Institutional Support**: Despite ongoing legal battles with the SEC, Ripple has secured several crucial victories, boosting investor optimism, while JPMorgan analysts suggest the Bitcoin halving impact is already priced in.
4. **Bitcoin Halving and Supply Dynamics**: Bitcoin is set to undergo its fourth halving in April 2024, reducing the block reward from 6.25 BTC to 3.125 BTC, which is factored into current prices.
5. **Market Sentiment and ETF Inflows**: A survey indicates 19% of respondents would invest in"
2024-02-25;{'ada': 9, 'btc': 175, 'eth': 95, 'sol': 16, 'xrp': 40};"1. **Ethereum & Grayscale**: Grayscale attributes Ethereum's recent price rise to the impending Dencun upgrade, which will boost throughput and lower transaction costs.
2. **Bitcoin ETFs**: The Carlson Group has added four Bitcoin ETFs to its offerings, signaling growing acceptance of crypto in financial advisory services.
3. **Terra Classic**: The community has implemented Proposal 12071 to discourage spammy LUNC recovery proposals, boosting optimism alongside staking and token burn.
4. **JPMorgan's View**: Despite Bitcoin's price hovering near $50,000, JPMorgan predicts the upcoming halving in April 2024 is already priced in, suggesting a major correction is imminent.
5. **Crypto Scams**: Scammers are adapting to the Shiba Inu ecosystem with the new project ""Sheboshis,"" while a Times Tabloid post warns SHIB holders about potential scams."
2024-02-26;{'ada': 11, 'btc': 565, 'eth': 244, 'sol': 32, 'xrp': 63};"1. Bitcoin has surged to over $53,000, marking a significant recovery from its 2022 low.
2. MicroStrategy acquired an additional 3,000 BTC for approximately $155 million.
3. The upcoming Bitcoin halving is expected to drive Ethereum's price above $4,878.
4. The Sui blockchain won the 2024 Blockchain Solution of the Year at the Eurasia Awards.
5. The CLSK Bitcoin miner's cost basis surged 31% in Q3/Q4 2023, impacting its profitability."
2024-02-27;{'ada': 32, 'btc': 929, 'eth': 374, 'sol': 45, 'xrp': 102};"1. **Bitcoin ETF Volume and Institutional Demand**: Spot Bitcoin ETFs have seen record-breaking trading volumes, with BlackRock's IBIT ETF leading inflows at $2.4 billion, signaling strong institutional confidence.
2. **Market Price Targets and Predictions**: Analysts forecast Bitcoin could reach $100,000 to $200,000 by 2025, driven by the upcoming Bitcoin halving and macroeconomic factors.
3. **Whale Activity and On-Chain Data**: Significant whale movements, including over 1,000 BTC per address, have been recorded, indicating substantial accumulation by large holders.
4. **Layer 2 and Scaling Solutions**: Projects like Blast and RIF have surged with double-digit gains, while Layer 2 tokens are expected to experience significant price increases.
5. **Ethereum Dencun Upgrade and Upgrades**: The upcoming Ethereum Dencun upgrade is set for March 13, potentially triggering a new altcoin season and boosting ETH's value."
2024-02-28;{'ada': 32, 'btc': 973, 'eth': 207, 'sol': 34, 'xrp': 110};"1. **Bitcoin Price Surge**: Bitcoin reached $57,000 for the first time since November 2021, driven by record ETF inflows and anticipation of the upcoming halving.
2. **Exchange Landscape**: Coinbase dominates custodial spot Bitcoin ETFs, while Kraken aims to challenge this dominance.
3. **Profitability**: 95% of the current Bitcoin supply is profitable, with BlackRock's iShares Bitcoin Trust seeing over $1 billion in trading volume.
4. **Legal Developments**: Ilya Lichtenstein, a former Bitfinex hacker, is now a cooperating witness for the U.S. government after being indicted for stealing ~120,000 BTC.
5. **Market Outlook**: The crypto market is experiencing a significant surge in risk appetite as investors anticipate a potential price bull run."
2024-02-29;{'ada': 22, 'btc': 915, 'eth': 192, 'sol': 40, 'xrp': 61};"1. **BlackRock's iShares Bitcoin Trust Surpasses $1 Billion in Daily Inflows**
   The Spot Bitcoin ETF recorded a record-breaking net inflow of $673 million, driven by a massive supply shock where demand outpaced supply.

2. **Bitcoin Surges to $64,000 Ahead of the April Halving Event**
   Bitcoin reached a new milestone at $64,000, marking a historic moment as the price approaches its all-time high near $69,000.

3. **MicroStrategy's Stock Correlates Strongly with Bitcoin's Price Movements**
   MicroStrategy's stock is highly correlated to Bitcoin, with holdings growing from ~92,000 BTC to 193,000 BTC in just over a year.

4. **US Government Seized $922 Million of Bitcoin in 2016**
   Approximately $922 million in Bitcoin has moved from wallets linked to the US government, contributing to the surge in market activity.

5. **BlackRock's iShares Bitcoin Trust Approaches $10 Billion in Assets**
   Grayscale is lobbying the SEC"
2024-03-01;{'ada': 43, 'btc': 717, 'eth': 215, 'sol': 81, 'xrp': 78};"1. **Bitcoin ETF Inflows and Institutional Adoption**: BlackRock and other major financial institutions are launching spot Bitcoin ETFs, driving significant capital inflows and pushing the price toward new highs.

2. **Solana and Ethereum Price Action**: Solana is experiencing a significant rally, while Ethereum is also trending upward, with both assets showing strong performance relative to Bitcoin.

3. **Market Volatility and Price Discovery**: The cryptocurrency market is experiencing sharp price fluctuations, with Bitcoin trading above $60,000 and analysts warning of potential short-term corrections before the upcoming halving.

4. **Regulatory Uncertainty and SEC Approvals**: While regulatory bodies like the SEC are pushing for approvals, there is ongoing uncertainty regarding staking features and the potential for stricter regulations on crypto assets.

5. **DeFi and Layer 2 Developments**: New Layer 2 solutions like Blast are launching, and DeFi protocols such as Console are gaining traction, contributing to the broader ecosystem growth."
2024-03-02;{'ada': 86, 'btc': 463, 'eth': 146, 'sol': 45, 'xrp': 50};"1. **BlackRock's iShares Bitcoin Trust ETF**
   BlackRock's iShares Bitcoin Trust (IBIT) surpassed $10 billion in assets under management, marking a significant milestone in institutional adoption.

2. **U.S. Spot Bitcoin ETF Approval**
   The U.S. Securities and Exchange Commission approved multiple spot Bitcoin ETFs, driving a surge in institutional demand and price action.

3. **Bitcoin Halving Event**
   Analysts predict the upcoming Bitcoin halving will reduce supply and increase demand, potentially leading to a significant price surge.

4. **Ethereum Layer 2 Solutions**
   Ethereum's Layer 2 solutions, such as BlastUP, are gaining momentum as investors shift focus toward scalability and emerging projects.

5. **Cryptocurrency Market Outlook**
   The crypto market is experiencing a historic surge, with Bitcoin approaching its all-time highs and Ethereum nearing $3,500."
2024-03-03;{'ada': 9, 'btc': 220, 'eth': 93, 'sol': 17, 'xrp': 37};"1. **Cardano (ADA) and Bitcoin (BTC) Price Performance**: Cardano is predicted to reach three-figure prices by Changelly, while Bitcoin has surged to $64,000 with significant ETF inflows.
2. **Ethereum (ETH) Market Activity**: Ethereum saw a 46% increase in 30 days, with $906 million in exchange outflows reaching a new high.
3. **Memecoins and Institutional Adoption**: Memecoins drove market value up over 30% of the $41 billion market cap, while institutional adoption is growing with BlackRock's Bitcoin ETF overtaking the largest silver trust.
4. **Regulatory Outlook and SEC Stance**: Experts suggest a bullish future due to regulatory shifts, with the SEC potentially finding an excuse not to approve Ethereum Spot ETFs this year.
5. **Political and Economic Views**: Robert F. Kennedy Jr. advocates for Bitcoin as a bulwark against centralized financial control, while economists warn that the US dollar faces a greater threat from domestic fiscal irresponsibility."
2024-03-04;{'ada': 39, 'btc': 671, 'eth': 188, 'sol': 58, 'xrp': 46};"1. **Raffle Coin (RAFF) Presale:** Analysts are bullish on the presale, viewing it as a significant impact alongside Ethereum (ETH) and Ripple (XRP).
2. **Bitcoin Price & Performance:** Bitcoin has reached a new all-time high of $65,000, a 5% increase in the last 24 hours, driven by the post-halving rally.
3. **Market Activity:** Market capitalization and trading volume are both up 5% and 79% respectively, indicating strong institutional interest.
4. **Ethereum & Layer 2:** Ethereum's Layer 2 ecosystem is now a significant force, with the Omni Network securing a $6 billion investment.
5. **Market Overview:** The crypto market is experiencing a massive surge, with Bitcoin (BTC) breaking the $65,000 barrier and reaching a new yearly high of $66,000."
2024-03-05;{'ada': 17, 'btc': 842, 'eth': 242, 'sol': 35, 'xrp': 35};"1. **Bitcoin Price Surge**: Bitcoin has reached an all-time high near $69,000, driven by institutional demand and the approval of spot Bitcoin ETFs.
2. **Ethereum Market Activity**: Ethereum is experiencing significant price increases, with staking reaching historic highs and the market cap nearing $1.35 trillion.
3. **MicroStrategy Accumulation**: The firm continues its aggressive Bitcoin accumulation strategy, with holdings topping $13 billion and plans to raise $600M to fund further purchases.
4. **Meme Coin Rally**: Dogecoin and Shiba Inu are driving altcoin rallies, with meme coin market capitalization surging to nearly $54 billion.
5. **Market Volatility**: The cryptocurrency market is characterized by significant volatility, with recent price swings ranging from $61,800 to $69,000."
2024-03-06;{'ada': 43, 'btc': 739, 'eth': 195, 'sol': 50, 'xrp': 46};"1. **Bitcoin Price Action**: Bitcoin reached an all-time high of $69,170 before dropping back, with analysts noting that price action is often driven by trading volume rather than simple moving averages.

2. **ETF Approval**: The US SEC approved spot Bitcoin ETFs, providing a regulated investment avenue for institutional investors.

3. **Institutional Investment**: Significant institutional and student investment, including a 7% allocation by Stanford University's Blyth Fund, drove the recent surge.

4. **Market Volatility**: The crypto market is experiencing significant volatility, with sharp corrections and liquidations occurring alongside price surges.

5. **Future Outlook**: Analysts predict a potential 20% price drop as Bitcoin approaches its current all-time high, suggesting a possible correction before the next peak."
2024-03-07;{'ada': 42, 'btc': 731, 'eth': 295, 'sol': 55, 'xrp': 62};"1. **Bitcoin ETF Approval and Market Surge**: The approval of the Spot Bitcoin ETF has triggered a significant market rally, with Bitcoin rebounding from a recent pullback to hit new all-time highs and reaching prices near $67,000.

2. **Ethereum Price Action and Upgrades**: Ethereum has experienced a sharp rebound, trading above $3,800 and $3,900, driven by the Dencun upgrade and the potential for further gains as it approaches its all-time high.

3. **MicroStrategy and Bitcoin Holdings**: MicroStrategy has increased its Bitcoin holdings, with reported wallet balances rising to approximately 11,509 BTC, reflecting a potential acquisition of over 1,000 BTC since 2021.

4. **Shiba Inu and Dogecoin Performance**: The Shiba Inu ecosystem is gaining traction with a 131% gain, while Dogecoin has seen a sharp bullish rally, breaking out of consolidation to reach above $0.20 before pulling back to around $0.15.

5. **AI Tokens and Market Recovery**: AI-related tokens are outperforming the broader market, with AI tokens"
2024-03-08;{'ada': 15, 'btc': 765, 'eth': 218, 'sol': 82, 'xrp': 64};"1. **Bitcoin ETFs and Institutional Adoption**: BlackRock is filing with the SEC to include spot Bitcoin ETFs in its Global Allocation Fund, signaling strong institutional interest and a potential market cap of $3.3 trillion.
2. **Market Volatility and Technical Analysis**: Bitcoin recently hit a new all-time high near $70,000, triggering short-selling and a brief rally, with analysts warning that the current momentum may lead to a sharp price drop.
3. **Mining and Hash Rate Efficiency**: Marathon Digital Holdings is seeking to increase its hash rate to 50 exahash/second by 2025 to reduce operational costs and control capacity utilization.
4. **Ethereum Upgrades and Layer-2 Development**: The Dencun upgrade is being supported by the Layer-2 network Base, aiming to significantly reduce transaction fees, while Injective launched its inEVM solution to bridge Ethereum's EVM world with its WebAssembly backbone.
5. **Whale Activity and Altcoin Gains**: Recent whale transactions likely drove buying pressure in altcoins, with Ethereum outperforming Bitcoin this week and FLOKI seeing a 70% increase in the last 24 hours"
2024-03-09;{'ada': 22, 'btc': 382, 'eth': 201, 'sol': 37, 'xrp': 56};"1. **Bitcoin ETF Inflows Drive Record Price Surge**
   Spot Bitcoin ETFs saw massive net inflows of $2.23 billion, driving Bitcoin to hit an all-time high near $70,000.

2. **Market Outlook Shifts to Shorter Bull Cycles**
   Analysts predict the current bull market will peak in October 2024, with a potential 100X return for altcoins like Dogecoin and Shiba Inu.

3. **BlackRock and MicroStrategy Lead Institutional Adoption**
   BlackRock's acquisition of MicroStrategy's Bitcoin holdings and BlackRock's own ETFs have surpassed previous portfolio records.

4. **SEC Engagement Uncertain Despite Strong Demand**
   The SEC is actively engaging with Coinbase and Grayscale regarding Ethereum ETF approvals, creating regulatory uncertainty.

5. **Whale Activity Signals Major Accumulation**
   Over $10 billion in whale trade volume indicates major investors are accumulating Ethereum and other major assets."
2024-03-10;{'ada': 30, 'btc': 238, 'eth': 68, 'sol': 10, 'xrp': 34};"1. **Bitcoin Surpasses $70,000:** Bitcoin reached a new all-time high near $70,000, driven by strong demand for spot Bitcoin ETFs and increased interest from billionaires.
2. **Institutional Investment Grows:** BlackRock's IBIT ETF now holds the largest Bitcoin position, signaling growing institutional confidence in crypto over traditional assets.
3. **Market Sentiment is High:** A Fear & Greed Index of 81 indicates extreme investor optimism, suggesting the market may be approaching an extended corrective period.
4. **Ethereum and Meme Coin Activity:** Ethereum saw a significant revenue surge due to meme coin speculation, while Dogecoin's price jumped to $0.1760, sparking discussions about its potential to challenge Bitcoin's dominance.
5. **Altcoin Rally and Halving:** AI-themed cryptocurrencies and meme coins are poised for significant rallies, outperforming Bitcoin, while miners are ramping up power consumption in anticipation of the upcoming halving event."
2024-03-11;{'ada': 22, 'btc': 857, 'eth': 275, 'sol': 38, 'xrp': 77};"1. **Bitcoin ETF Approval and Market Surge:** The US SEC approved spot Bitcoin ETFs, driving Bitcoin to a new all-time high of $72,000 and signaling strong institutional adoption.
2. **Ethereum Price Action:** Ethereum reached a new all-time high of $71,000, outperforming Bitcoin and the SP500 by a significant margin.
3. **Market Volatility and Liquidations:** Despite the rally, short sellers were liquidated at $70,000, and the market faced risks from crypto phishing scams that stole $78 million.
4. **Institutional Investment Trends:** Institutional investors poured record $2.7 billion into crypto products, with BlackRock's Bitcoin ETF surpassing MicroStrategy's holdings.
5. **Regulatory and Political Stance:** Former President Donald Trump called Bitcoin an ""additional form of currency,"" while the UK FCA confirmed it will not oppose crypto-ETNs."
2024-03-12;{'ada': 66, 'btc': 969, 'eth': 283, 'sol': 84, 'xrp': 81};"1. **Bitcoin ETF Inflows and Market Volatility**: US spot Bitcoin ETF inflows hit record $2.7 billion weekly and $10 billion year-to-date, driving significant price fluctuations due to high leverage and funding rates.
2. **Bitcoin Halving Catalyst**: The upcoming Bitcoin halving (expected in early April) will reduce miner rewards from 1.75% to 0.85%, theoretically lowering supply growth and driving price up.
3. **Ethereum (ETH) Price Summary**: Ethereum is currently consolidating above the $4,000 level, testing a new multi-month high near $4,050 following the upcoming Dencun upgrade.
4. **Bitcoin & Cardano**: Bitcoin hit new highs between Dec 2020 and Jan 2021, while Cardano (ADA) lagged significantly until late January 2021, with analysts predicting ADA will surge once it moves above $1.
5. **Global Adoption and Regulatory Moves**: The SEC approved an Asset Manager's request to offer a spot Bitcoin ETF, while the London Stock Exchange announced plans to accept Bitcoin and Ethereum exchange-traded notes (ETNs)."
2024-03-13;{'ada': 47, 'btc': 793, 'eth': 338, 'sol': 49, 'xrp': 93};"1. **Bitcoin Surges to All-Time Highs**
   Bitcoin reached record highs near $73,000 following massive spot ETF inflows and institutional buying.

2. **Ethereum Dencun Upgrade Live**
   The Dencun upgrade for Ethereum is now live, reducing Layer-2 transaction fees and introducing ""blobs"" for storage.

3. **Grayscale Launches Mini Trust**
   Grayscale is launching a ""mini"" spot Bitcoin ETF to counter massive asset outflows and inherit assets from the original fund.

4. **SEC Abandons ETF Applications**
   The SEC has directed First Trust Advisors and SkyBridge Capital to abandon their Bitcoin ETF applications due to non-response.

5. **Market Sentiment Shifts**
   Analysts warn of potential price corrections while noting that Bitcoin's recent surge is attracting institutional investors and crypto lending platforms."
2024-03-14;{'ada': 32, 'btc': 702, 'eth': 255, 'sol': 60, 'xrp': 131};"1. **Strategic Partnership:** Chainwire Lif3 has announced a strategic partnership with BitGo to secure and democratize access to the multi-chain DeFi ecosystem.
2. **Market Performance:** Bitcoin is hitting new all-time highs, with prices surging to $72K and market predictions targeting $100K by April.
3. **Institutional Demand:** Prominent institutions are selling billions of BTC during this surge, with BlackRock's IBIT leading the spot ETF space.
4. **Legal Action:** A Washington federal jury convicted Roman Sterlingov, founder of Bitcoin Fog, for money laundering and operating an unlicensed money transmitter.
5. **Market Outlook:** Bitcoin is on a massive bull run, breaking its all-time high and potentially reaching $150K by 2025."
2024-03-15;{'ada': 20, 'btc': 783, 'eth': 244, 'sol': 68, 'xrp': 63};"1. **Bitcoin Market Volatility**: Bitcoin experienced sharp price drops and rebounds, ranging from a 7.5% decline to a 12.3% drop, with recent activity showing a surge to $186 and a correction to $67,000.

2. **ETF Market Dynamics**: Spot Bitcoin ETFs saw significant fluctuations, with net inflows dropping 80% due to market uncertainty, while the three U.S. spot Bitcoin ETFs accounted for the vast majority of total volume.

3. **Ethereum Upgrades**: The Dencun upgrade, including EIP-4844, caused Ethereum to drop 5.3% to around $3,700 and saw a daily trading volume surge of 45% to $32.29 billion.

4. **Institutional Adoption**: Major players like MicroStrategy and Grayscale's spot Bitcoin ETF (GBTC) are driving market sentiment, with MicroStrategy raising $525 million in convertible senior notes.

5. **Altcoin Performance**: While Bitcoin faced significant declines, altcoins like Solana and Shiba Inu showed signs of recovery, with Solana's price surging"
2024-03-16;{'ada': 14, 'btc': 409, 'eth': 139, 'sol': 45, 'xrp': 40};"1. **Bitcoin ETF Inflows and Institutional Demand**: JPMorgan analysts note that Bitcoin's allocation in investor portfolios has surpassed gold, with $9 billion net inflow into Bitcoin ETFs since inception.
2. **Bitcoin Halving and Miner Profits**: Marathon Digital plans to acquire a Texas-based Bitcoin mining facility for an estimated $87 million to bolster its mining capabilities ahead of the upcoming halving.
3. **Music Track Inscription on Blockchain**: French Montana has become the first artist to inscribe a music track onto the Bitcoin blockchain by embedding his unreleased song ""Bag Curious"" into the Bitcoin network.
4. **Market Volatility and Liquidations**: A recent crypto market downturn triggered massive liquidations, including $660 million in losses from long Bitcoin positions alone.
5. **MicroStrategy and JPMorgan**: MicroStrategy is adding more Bitcoin to its portfolio and plans to raise $525 million via convertible senior notes, while JPMorgan reaffirmed its stance against spot Bitcoin ETFs for long-term portfolios."
2024-03-17;{'ada': 16, 'btc': 280, 'eth': 136, 'sol': 19, 'xrp': 40};"1. **Bitcoin ETF Impact**: The approval of four spot Bitcoin ETFs triggered a significant market correction, causing Bitcoin to drop below $65,000 and resulting in over $104 million in liquidations.

2. **Solana Performance**: Solana (SOL) surged 30% in March 2024, outperforming Ethereum and other major altcoins during the period of high volatility.

3. **Market Volatility**: The crypto market experienced sharp price fluctuations, with Bitcoin plunging from all-time highs and total market cap crashing by over 4.4% to $2.63 trillion.

4. **Whale Activity**: Ethereum whales are shifting their focus toward meme tokens like Shiba Inu (SHIB) and K, indicating a shift in investor behavior.

5. **New Investment Vehicles**: The post-9 Innovative Bitcoin ETFs has overtaken GBTC, aiming to amass over $30 billion, while new platforms like Ether.Fi are being launched."
2024-03-18;{'ada': 16, 'btc': 570, 'eth': 228, 'sol': 108, 'xrp': 62};"1. **Bitcoin (BTC)**
   Bitcoin is currently trading around $68,259, oscillating between $64,522 and $68,902, with analysts predicting renewed bullish pressure as investors rush to buy the dip.

2. **Ethereum (ETH)**
   Ethereum is near $4,000 following the Dencun hard fork, which significantly reduced Layer-2 transaction fees, though it has not yet surpassed its previous record of $4,800.

3. **Solana (SOL)**
   Solana surpassed Ethereum, reaching over $200 for the first time since late 2021, marking an 800%+ year-to-date gain driven by high interest in meme coins.

4. **Ripple (XRP)**
   Ripple is showing signs of recovery despite recent turbulence, having sold 240 million tokens in two weeks and facing a temporary dip to $0.0000238 due to Bitcoin's recent decline.

5. **Market Outlook**
   The crypto market recently experienced a sharp decline, with Bitcoin hitting an all-time high of $73"
2024-03-19;{'ada': 22, 'btc': 909, 'eth': 281, 'sol': 57, 'xrp': 64};"1. **Bitcoin ETF Inflows and Institutional Adoption**: Recent data shows significant inflows into spot Bitcoin ETFs, with Grayscale's GBTC ETF recording its largest outflow of $643 million on March 18, 2024, while analysts and banks like Standard Chartered predict a potential price surge to $150,000 by year-end.

2. **Market Volatility and Price Corrections**: The cryptocurrency market has experienced sharp declines, with Bitcoin dropping from over $73,000 to below $63,000, triggering massive liquidations and a broader downturn as memecoins like Dogecoin and Shiba Inu also saw double-digit losses.

3. **MicroStrategy's Bitcoin Acquisition**: MicroStrategy acquired 9,245 BTC on March 18, 2024, bringing its total holdings to over 1% of the total supply and an unrealized profit of $6 billion, solidifying its long-term Bitcoin strategy despite recent price drops.

4. **Ethereum and Layer-2 Developments**: Ethereum co-founder Joseph Lubin is under fire for reservations regarding the term ""ICO,"" while the Dencun upgrade"
2024-03-20;{'ada': 33, 'btc': 752, 'eth': 309, 'sol': 51, 'xrp': 99};"1. **Bitcoin ETF Flows**: Record outflows of $326 million occurred, indicating diminished demand for spot Bitcoin ETFs.
2. **Ethereum ETF Outlook**: Analysts suggest Ethereum ETFs may perform better if launched after the Bitcoin hype fades.
3. **Bitcoin Price Action**: Bitcoin dropped below $29,000 and hit lows of $8,900 on BitMEX.
4. **Market Correction**: The broader cryptocurrency market is experiencing a downturn, with analysts predicting a deeper correction toward $58k.
5. **Bitcoin Halving Impact**: The upcoming Bitcoin halving is expected to boost stock prices linked to Bitcoin, including miners and exchange-traded funds."
2024-03-21;{'ada': 17, 'btc': 636, 'eth': 354, 'sol': 73, 'xrp': 59};"1. **Bitcoin Market Dynamics**: Bitcoin experienced a significant rebound, rising from a low of $60,760 to above $67,000 following dovish Federal Reserve comments and a technical breakout.
2. **SEC Regulatory Actions**: The U.S. Securities and Exchange Commission is investigating the Ethereum Foundation and considering applications to launch spot Ethereum ETFs, creating uncertainty regarding classification.
3. **Grayscale ETF Outflows**: Grayscale's GBTC ETF saw a massive $386 million outflow on March 20, driven by intensified Bitcoin selling pressure and a third consecutive day of net outflows.
4. **MicroStrategy Valuation**: MicroStrategy, the largest corporate Bitcoin owner, reported a $96.3M gross profit and $42.8M operating loss in Q4 2023, with analysts viewing its stock as overvalued due to its aggressive price rise.
5. **Dogecoin Meme Coin**: Dogecoin surged 2,367% in 24 hours to $0.01021, outperforming Bitcoin and Ethereum, while the broader market saw significant volatility and regulatory scrutiny."
2024-03-22;{'ada': 23, 'btc': 581, 'eth': 323, 'sol': 59, 'xrp': 127};"1. **Bitcoin Price Outlook**: Analysts predict Bitcoin could reach $90,000 this year and $500,000 by Q4 2025 following the upcoming halving.
2. **ETF Flows and Market Sentiment**: Grayscale's GBTC ETF recorded massive outflows while BlackRock saw significant inflows, signaling a shift in institutional interest.
3. **XRP and Regulatory Challenges**: Ripple faces ongoing SEC lawsuits and regulatory scrutiny, with some experts predicting a price surge to $5.85 before the halving.
4. **Ethereum Fundamentals**: Despite the lack of an ETF, Ethereum is expected to outperform Bitcoin due to its yield-generating staking model and governance rights.
5. **Altcoin Season and Volatility**: The market is poised for ""altcoin season"" driven by the halving, with significant volatility expected as traders react to ETF outflows and new project launches."
2024-03-23;{'ada': 9, 'btc': 333, 'eth': 228, 'sol': 26, 'xrp': 54};"1. **Ethereum ETF Approval Uncertainty**: Analysts suggest the likelihood of spot Ethereum ETF approval has diminished due to SEC subpoenas and regulatory concerns.
2. **Bitcoin Price Correction**: Bitcoin is currently trading below $64,000, facing a bearish outlook as spot ETF outflows occur.
3. **Grayscale ETF Outflows**: Grayscale's GBTC trust has seen significant outflows, prompting warnings of a potential price drop below $3,342.
4. **Ethereum Market Volatility**: Ethereum has experienced a significant price decline of over 17% in the past 10 days, underperforming Bitcoin.
5. **Crypto Market Divergence**: While Bitcoin saw a fee reduction and exchange outflows decline, Ethereum showed a contrasting trend with massive on-chain outflows."
2024-03-24;{'ada': 6, 'btc': 235, 'eth': 102, 'sol': 22, 'xrp': 34};"1. **Ethereum & DeFi**: The ""Blast"" game combines DeFi mechanics with randomness to create a FOMO-driven package, though it faced skepticism from the SEC.
2. **Ripple & SEC**: A recent court order on March 20, 2022, ordered the SEC to withdraw its lawsuit against Ripple.
3. **Ethereum (ETH)**: A surge in trading volume has been attributed to a wave of FUD (Fear, Uncertainty, and Doubt), impacting market dynamics.
4. **Bitcoin (BTC)**: Bitcoin reached an all-time high of $73,750.07, though it has recently dropped to around $73,798.
5. **Solana & Ethereum**: The Solana ecosystem is gaining traction with the Smog listing on Binance and Jupiter coin's surge."
2024-03-25;{'ada': 12, 'btc': 542, 'eth': 172, 'sol': 32, 'xrp': 58};"1. **Bitcoin Price Levels and Halving Impact**: Analysts predict Bitcoin could reach $500,000 by late 2025, driven by potential interest rate hikes and a massive global liquidity injection.
2. **Grayscale ETF Flows**: Grayscale's Bitcoin Trust (GBTC) saw staggering outflows of $14 billion, contributing to a $900 million net outflow in Bitcoin ETFs.
3. **XRP Price Surge**: Analysts project a massive 1500% price surge for XRP, citing its historical performance and potential buying opportunities following a price dip.
4. **Ethereum Staking and Layer-2**: Ethereum is shifting investor interest toward staking, while Tron advances its Bitcoin Layer-2 solution to boost liquidity and interoperability.
5. **Memecoins and Base**: Meme coins like ONDO hit record highs, while Solana-based coins surged 24% amid market volatility, with Ethereum Layer-2 Base doubling its total value locked."
2024-03-26;{'ada': 14, 'btc': 752, 'eth': 228, 'sol': 34, 'xrp': 104};"1. **Bitcoin ETF Approval and Market Sentiment**: The approval of spot Bitcoin ETFs has triggered a significant surge in investor interest, with the Fear & Greed Index reaching extreme levels of 81-83, signaling a potential bull run.
2. **Bitcoin Price Recovery and Technical Levels**: Bitcoin has rebounded from recent pullbacks, breaking above the $70,000 level and approaching key technical resistance zones near $71,000 to $73,500.
3. **Institutional Adoption and Whale Activity**: Major institutional players like Fidelity and MicroStrategy are increasing their holdings, while the fifth-richest whale moved $6.05 billion to new addresses ahead of the halving.
4. **Regulatory Scrutiny and SEC Actions**: The SEC is intensifying its focus on cryptocurrency, particularly targeting Ripple and Ethereum, while the US government debt exceeds 200% of GDP by 2050.
5. **Market Volatility and Correction Risks**: Despite the bullish trend, analysts warn that a significant price correction could occur before the next major rally, potentially dropping prices to $60,000-$67,"
2024-03-27;{'ada': 27, 'btc': 621, 'eth': 205, 'sol': 39, 'xrp': 100};"1. **KuCoin Lawsuit**: The US CFTC has criticized KuCoin for facilitating off-exchange commodity futures without registration, highlighting illegal trading activities.
2. **Bitcoin ETF Flows**: Spot Bitcoin ETF inflows surged to $418 million on Tuesday, reversing five consecutive days of outflows.
3. **Whale Accumulation**: The number of addresses holding 1,000+ BTC rose from under 1,500 to 1,617 in March, signaling large investors expecting price rises.
4. **Riot Platforms**: The stock is undervalued with a 73% erosion against Bitcoin, yet it is self-funded through 2025 with ~$600M cash despite ongoing capital expenditures.
5. **XRP ETF Outlook**: Analysts suggest an XRP spot ETF is more likely to be approved than an Ethereum ETF, with BlackRock CEO Larry Fink expected to discuss crypto and macroeconomic factors."
2024-03-28;{'ada': 15, 'btc': 499, 'eth': 251, 'sol': 35, 'xrp': 91};"1. **Bitcoin ETF Approval and Market Dynamics**: The approval of the 11th spot Bitcoin ETF marks a significant shift to direct market exposure, with BlackRock and Fidelity leading institutional inflows despite regulatory scrutiny.
2. **Bitcoin Price Targets and Halving Expectations**: Analysts predict a potential surge to $75,000–$80,000, with many anticipating a price breakout following the upcoming April 2024 Bitcoin halving.
3. **XRP Price Outlook and Regulatory Concerns**: While some analysts predict a surge above $1.00, the price has fallen to $0.57 due to regulatory challenges and legal actions against major exchanges.
4. **Ethereum ETF Approval and Institutional Adoption**: Despite regulatory hurdles, BlackRock's CEO remains optimistic about Ethereum ETF approval, while the network has reached one million validators with substantial staked assets.
5. **Whale Activity and Market Sentiment**: Significant open interest contracts are expiring, and major players like MicroStrategy are shifting their holdings from centralized exchanges to spot ETFs."
2024-03-29;{'ada': 14, 'btc': 537, 'eth': 247, 'sol': 35, 'xrp': 71};"1. **Bitcoin Whale Transaction**: A notable Bitcoin whale, identified only as ""37X,"" moved over $6 billion in Bitcoin to three new addresses, marking the first such transfer since 2019.
2. **Ethereum ETF & Vitalik Buterin**: Bitwise Investments filed an SEC filing to list a spot Ethereum ETF, with Vitalik Buterin providing support for this regulatory move.
3. **Bitcoin Price Outlook**: Analysts predict Bitcoin could reach $150,000 by 2025, with some anticipating a surge to $200,000 following the Bitcoin halving.
4. **Meme Coin Surge**: Meme coins have surged 11% in 24 hours, outpacing Litecoin and Dogwifhat (WIF) as investors prepare for the upcoming Bitcoin halving in April 2024.
5. **FTX and Sam Bankman-Fried**: FTX founder Sam Bankman-Fried faces a 25-year prison sentence for his role in the FTX fraud, which caused approximately $10 billion in losses."
2024-03-30;{'ada': 41, 'btc': 358, 'eth': 134, 'sol': 17, 'xrp': 94};"1. **Bitcoin ETF Approval and Market Momentum**
   The recent launch of Spot Bitcoin ETFs has triggered a major wave of buying from all investor cohorts, driving Bitcoin to a new all-time high of $73,800.

2. **Bitcoin Halving Impact and Price Predictions**
   Analysts predict a potential rise to $78,000 following the upcoming mid-April halving, with some experts forecasting prices could reach $500,000.

3. **Bitcoin Accumulation and Whale Activity**
   ""Shark"" addresses have increased their holdings by 268,441 BTC in the past month, while whales are withdrawing profits from major assets like Bitcoin and Ethereum.

4. **Ethereum and Ripple Regulatory Developments**
   Consensys urged the SEC to recognize Ethereum's superiority over Bitcoin, while XRP's performance has slowed due to ongoing SEC case conflicts.

5. **Bitcoin Market Sentiment and Volatility**
   Despite Bitcoin trading near $70,000, analysts anticipate a parabolic rally ahead of the halving, with some expecting a significant price increase."
2024-03-31;{'ada': 9, 'btc': 218, 'eth': 101, 'sol': 23, 'xrp': 70};"1. **Bitcoin ETF Approval and Market Sentiment**: The approval of spot Bitcoin ETFs has triggered a significant shift in the traditional financial market, with major players like Goldman Sachs showing renewed interest and investors anticipating record highs.
2. **Crypto Sector Short Interest**: S3 Partners data indicates that short interest in the crypto sector has escalated, with Litecoin's downtrend ending at $104, hinting at an all-time high.
3. **Memecoin and Meme Coin Trends**: The market is shifting from Green Bitcoin presales to novel initiatives like Kelexo (KLXO), while memecoins such as BOBAOPPA are being led by figures like MachiBigBrother.
4. **Bitcoin Halving and Price Projections**: Analysts predict a potential 2x rally to $0.000058 for Shiba Inu (SHIB) and expect Bitcoin to reach $170,574 by April 2025, with the next halving scheduled for April 2024.
5. **Ethereum and Proof-of-Stake Security**: Consensys has stated that Ethereum's proof-of-stake implementation meets or exceeds Bitcoin's"
2024-04-01;{'ada': 12, 'btc': 521, 'eth': 202, 'sol': 29, 'xrp': 48};"1. **Coinbase Layer-2 Network Surge**: Coinbase's Layer-2 network on Ethereum Base saw a massive $1 billion trading volume increase of 25% on March 30.
2. **BlackRock Portfolio Rebalance**: Goldman Sachs announced a portfolio rebalance for U.S. pension funds, coinciding with BlackRock's CEO's enthusiasm for Bitcoin's long-term potential.
3. **Furrever Token Presale Momentum**: Furrever Token (F DeeStream (DST) is experiencing a surge in presale momentum as Ethereum drops 19%, attracting investors from various major platforms.
4. **Kelexo Lending Sector Rise**: The post-Stage 2 Easter Frenzy propelled Kelexo (KLXO) to the forefront of the lending sector, driving significant interest from Ethereum and Binance Coin investors.
5. **BlockDAG Presale Breakthrough**: BlockDAG is highlighted as a major breakthrough with a presale of $11.4M, positioning it as a formidable force in the crypto market alongside other significant developments."
2024-04-02;{'ada': 38, 'btc': 597, 'eth': 242, 'sol': 38, 'xrp': 68};"1. **Bitcoin ETF Flows**: Spot Bitcoin ETFs saw significant net outflows, particularly on April 1st, despite cumulative inflows remaining strong.
2. **Market Volatility**: The crypto market experienced a sharp downturn, with Bitcoin dropping 5.6% to $66,000 and Ethereum falling below $3,400.
3. **Liquidations**: Massive liquidations and a surge in open interest contributed to the flash crash, with over $400 million in liquidations recorded.
4. **Price Action**: Bitcoin dropped over 5% from $70k, testing the $67k level and breaking below it.
5. **ETF Outflows**: Significant outflows from the Spot Bitcoin ETFs, particularly Grayscale's GBTC, have added to the selling pressure."
2024-04-03;{'ada': 21, 'btc': 666, 'eth': 202, 'sol': 48, 'xrp': 69};"1. Bitcoin ETF outflows reached a record high of 29,000% on Tuesday, contrasting with previous negative net flows.
2. The US government seized 30,175 Bitcoin from the Silk Road, marking the largest crypto seizure in history.
3. Grayscale's GBTC ETF recorded massive outflows, while ARK's ARKB ETF saw an $87M outflow, surpassing GBTC for the first time.
4. Bitcoin dropped 8% this week, falling below the $67K support level and triggering a $427M liquidation in 24 hours.
5. Shiba Inu (SHIB) is projected to recover to $0.00058–$0.00062 by the second or third week of April, potentially doubling its price."
2024-04-04;{'ada': 14, 'btc': 590, 'eth': 226, 'sol': 23, 'xrp': 107};"1. **ETF Market Activity**: Spot Bitcoin ETFs recorded significant inflows, with Fidelity leading at $116.7 million and Blackrock contributing $42 million.
2. **Bitcoin Halving Impact**: Analysts predict a potential price rebound to $88,000–$90,000 following the upcoming halving event.
3. **Ethereum L2 Growth**: Layer-2 scaling networks are projected to reach a $1 trillion valuation by 2030, outperforming Ethereum.
4. **SEC Regulatory Focus**: The SEC is actively seeking public feedback on Ethereum ETF proposals and investigating three specific NFTs.
5. **Institutional Sentiment**: Hedge funds and commodity trading advisors are increasingly taking bearish positions on Bitcoin."
2024-04-05;{'ada': 24, 'btc': 686, 'eth': 312, 'sol': 47, 'xrp': 76};"1. **Bitcoin Price Consolidation and Halving Expectations**: Analysts suggest Bitcoin's recent dip from $74k is a buying opportunity, noting that while the bearish trend is slowing, the lack of a confirmed April 2020-style breakout remains a concern.
2. **Institutional Adoption and ETF Expansion**: Major financial institutions like BlackRock, Goldman Sachs, and UBS are adding Bitcoin ETFs to their platforms, signaling strong institutional support and potential price surges.
3. **Ethereum Market Dynamics and SEC Scrutiny**: Ethereum faces challenges from the SEC regarding its security classification and potential ETF approvals, while the network continues to see significant growth in new users and trading volumes.
4. **Bitcoin Ordinals and DeFi Stability**: The Bitcoin Ordinals ecosystem is expanding with new collections, while DeFi projects like Dial and Curve are seeing increased activity as traders seek alternative assets during market volatility.
5. **Market Volatility and Emerging Projects**: The crypto market is experiencing significant volatility with memecoins like Shiba Inu and Furrever Token gaining traction, while traditional assets like Bitcoin and Ethereum face mixed signals from institutional investors."
2024-04-06;{'ada': 44, 'btc': 441, 'eth': 126, 'sol': 35, 'xrp': 73};"1. **Bitcoin ETF Inflows**: Spot Bitcoin ETFs have seen record-breaking net inflows, with Crypto Rover noting a $203 million inflow on April 5, marking four consecutive days of positive market activity.
2. **Bitcoin Halving Impact**: The upcoming Bitcoin halving in mid-April 2024 is expected to trigger a significant price spike, though current market conditions show mixed results.
3. **Institutional Adoption**: BlackRock has revised its Bitcoin ETF prospectus to include five major Wall Street firms, signaling strong institutional backing and a potential catalyst for mainstream adoption.
4. **Ethereum Hard Fork**: The Dencun hard fork (via EIP-6780) is simplifying the protocol by removing ""SELFDESTRUCT"" functions, reducing storage needs, and technical complexity.
5. **MicroStrategy Performance**: The company's share price surged due to the Bitcoin bull run and ETF approval, with analysts expecting continued gains following the upcoming Bitcoin Halving."
2024-04-07;{'ada': 11, 'btc': 233, 'eth': 107, 'sol': 33, 'xrp': 37};"1. **Bitcoin ETF Expansion**: Goldman Sachs, UBS, and Citigroup are expanding liquidity for BlackRock's Bitcoin ETF.
2. **Shiba Inu Surge**: Shiba Inu (SHIB) surged 1,058% in large holder netflow, signaling active position increases ahead of the Bitcoin halving.
3. **Consumer Risk Warning**: Federal Reserve Chair Neel Kashkari warned of consumer risk due to ""fraud and hype"" in the crypto space.
4. **Ethereum ETF Anticipation**: JPMorgan anticipates the SEC will approve spot Ethereum ETFs by May, viewing a potential rejection as a precursor to litigation.
5. **Whale Activity**: A dormant Bitcoin whale recently became active, holding 1,701 BTC worth approximately $1.06 million in 2014."
2024-04-08;{'ada': 15, 'btc': 583, 'eth': 267, 'sol': 47, 'xrp': 94};"1. **Bitcoin Halving Impact**: The upcoming April 20, 2024 halving is expected to drive a potential months-long bullish rise in Bitcoin's price.
2. **ETF Fluctuations**: Spot Bitcoin ETFs saw a dip and rebound, recording a $7.484 million weekly inflow despite the first pre-halving market corrections.
3. **Market Sentiment**: The current price level above $60k represents the least volatile period, signaling strong buyer confidence.
4. **Analyst Outlook**: Experts like Adrian Zidanic and EGRAG Crypto suggest a breakout to $86K-$86.5K, citing an ascending triangle pattern.
5. **Institutional Adoption**: The US SEC approved 11 spot Bitcoin ETFs, driving significant inflows ($1.8B+) while China and the US are accumulating over 200k BTC each."
2024-04-09;{'ada': 15, 'btc': 684, 'eth': 261, 'sol': 49, 'xrp': 102};"1. **Bitcoin Market Outlook**: Analysts predict a potential rally to $170,000 due to reduced selling pressure, increased accumulation, and anticipated Federal Reserve rate cuts.
2. **ETF & SEC News**: The SEC extended the deadline for Bitcoin ETF options trading due to a decision on the NYSE program, impacting funds like Bitwise (BITB) and Grayscale (GBTC).
3. **Halving Cycle**: Bitcoin's halving event occurs every four years, cutting the new supply rate in half to reach the 21 million coin limit.
4. **Institutional Adoption**: Japanese company Metaplanet is purchasing $6.5 million in Bitcoin, mirroring MicroStrategy's strategy.
5. **Market Sentiment**: Despite a decline in 2024, the article presents the Company as a strong long-term investment opportunity due to its solid liquidity and no debt."
2024-04-10;{'ada': 11, 'btc': 577, 'eth': 191, 'sol': 42, 'xrp': 93};"1. **Ethereum ETF Approval**: VanEck's CEO warns that the U.S. SEC may reject spot Ethereum ETF applications by May due to a lack of response.
2. **Bitcoin Price Levels**: Bitcoin is currently trading below $70,000, testing support near $68,500 after dipping below the $70,000 resistance.
3. **Market Dynamics**: Cryptocurrency inflows reached their highest level ever at $13.8 billion, surpassing the 2021 record.
4. **Ethena Labs Role**: Ethena Labs uses a cash-and-carry trade to manage risk and provide stable backing for its USDe product.
5. **XRP Price Analysis**: XRP is currently trading around $0.61, showing a small 0.96% gain in the last 24 hours."
2024-04-11;{'ada': 13, 'btc': 579, 'eth': 140, 'sol': 29, 'xrp': 64};"1. **Bitcoin ETF Inflows and Price Targets**: Analysts predict Bitcoin could rally to $60,000 in April, with potential resistance near $71,400 and a possible breakout to $75,000 following recent price dips.

2. **Ethereum Staking and Liquid Restaking**: Ethereum staking is shifting toward liquid restaking, with restaking deposits rising from 10% to 60% since 2024, while Ethereum's position in staking is expected to surpass Binance.

3. **Bitcoin Halving and Supply Reduction**: The upcoming Bitcoin halving will reduce daily block rewards from 900 to 450 BTC, potentially increasing price by 30% or more due to the reduction in supply.

4. **Institutional Adoption and ETF Approval**: Institutional adoption is driving market optimism, with analysts expecting spot Bitcoin ETFs to see increased demand and potentially drive prices to fresh highs.

5. **Market Sentiment and Inflation Data**: Crypto market sentiment is influenced by inflation data, with Bitcoin dipping below $67,000 after US CPI data arrival but rebounding as traders shift to safe-haven"
2024-04-12;{'ada': 10, 'btc': 676, 'eth': 168, 'sol': 61, 'xrp': 75};"1. **Bitcoin ETF Flows and Institutional Adoption**: BlackRock's iShares Bitcoin Trust recorded a $192.1 million inflow on April 11, significantly outperforming competitors like Bitwise, while Grayscale's GBTC saw record low outflows after converting to a spot ETF.

2. **Bitcoin Halving Market Dynamics**: Traders are pricing in low upside momentum ahead of the Bitcoin halving in April, with volatility increasing due to whale selling and macro headwinds.

3. **Layer 2 and Ordinals Activity**: The Bitcoin Ordinals network reached 65 million inscriptions, generating over $458 million in fees, while Ethereum's Layer 2 solutions are expected to see a 3% surge to $3,591.

4. **Cryptocurrency Market Volatility**: Despite optimistic predictions that altcoin market caps could reach $1.15 trillion to $3.25 trillion, sentiment remains negative as the market experienced a significant downturn with Bitcoin and altcoins falling sharply following a Bitcoin halving.

5. **Regulatory Approvals and Legal Actions**: Hong Kong is poised to approve spot Bitcoin and Ethereum ETFs as early as Monday, a development expected"
2024-04-13;{'ada': 16, 'btc': 352, 'eth': 113, 'sol': 28, 'xrp': 55};"1. **Senator Marsha Blackburn** supports Bitcoin as a privacy and consumer-rights alternative to high-fee credit cards.
2. **Bitcoin** dropped nearly 5% to $65,000, while the overall crypto market cap fell 7%.
3. **Kaidro: Clan Battles** is launching on the Ronin network after migrating from Immutable.
4. **Furrever Token (FURR)** is predicted to soar as the crypto market enters a bearish phase.
5. **BlockDAG** is making headlines in the 2024 presale arena, standing out against giants like Ethereum and NEAR."
2024-04-14;{'ada': 13, 'btc': 263, 'eth': 104, 'sol': 12, 'xrp': 50};"1. **Geopolitical Tensions Drive Market Volatility**: Escalating conflicts between Iran and Israel have triggered significant sell-offs and massive liquidations in the cryptocurrency market.
2. **ETF Outflows and Regulatory Uncertainty**: Grayscale's GBTC fund saw notable outflows, while regulatory approvals for spot Bitcoin ETFs remain uncertain.
3. **Bitcoin Halving and Price Rebound**: Analysts view the upcoming Bitcoin halving as a potential positive signal despite recent sharp price drops.
4. **Whale Activity and Market Dynamics**: Significant whale withdrawals and accumulation patterns indicate complex market dynamics during the current downturn.
5. **Historical Price Corrections and Future Outlook**: Recent price drops are viewed as temporary corrections, with some analysts predicting a potential rise to $250,000 by year-end."
2024-04-15;{'ada': 8, 'btc': 667, 'eth': 201, 'sol': 38, 'xrp': 95};"1. **Bitcoin ETF Approval in Hong Kong**: The Hong Kong Securities and Futures Commission has approved spot Bitcoin and Ethereum ETFs, signaling a major shift in crypto investment acceptance.

2. **Bitcoin Price Volatility and Halving**: Bitcoin experienced a sharp decline of over 10% following geopolitical tensions between Israel and Iran, with the upcoming halving expected to boost market interest.

3. **Ethereum Market Recovery**: Ethereum experienced a sharp decline over the weekend due to Middle East tensions, but recent data shows it rebounding past $3,150.

4. **Solana and Toncoin Performance**: Solana surged 7% in 24 hours to recover from market corrections, while Toncoin has seen a 205% increase, becoming the eighth-largest cryptocurrency by market cap.

5. **Bitcoin Halving Impact**: The upcoming Bitcoin halving is sparking renewed interest in altcoins like XRP and TON, while Bitcoin miners face competition from major tech giants for electricity."
2024-04-16;{'ada': 10, 'btc': 734, 'eth': 232, 'sol': 48, 'xrp': 52};"1. **Hong Kong Spot ETF Approval**: The Hong Kong Securities and Futures Commission (SFC) has approved spot Bitcoin and Ethereum ETFs, signaling a major milestone for the regional crypto market.

2. **Bitcoin Halving Impact**: Analysts anticipate a Bitcoin halving in April 2024, which is expected to cause significant price volatility and drive short-term selling pressure.

3. **Institutional Adoption**: Major financial institutions like BlackRock and Fidelity are increasing their Bitcoin holdings, with BlackRock's IBIT ETF leading the inflow of capital.

4. **Market Volatility and Liquidity**: The crypto market experienced a sharp correction with over $1.2 billion in long positions being wiped out in a single day due to geopolitical tensions and a strong dollar.

5. **Whale Activity Shift**: Large holders are shifting their distribution from Bitcoin to Ethereum and other altcoins, while short-term holders are becoming less active as the price approaches the halving."
2024-04-17;{'ada': 40, 'btc': 763, 'eth': 180, 'sol': 27, 'xrp': 82};"1. **Hong Kong Spot ETF Approval**: Hong Kong has authorized the launch of spot Bitcoin and Ethereum exchange-traded funds, involving at least three offshore Chinese asset management firms.

2. **Bitcoin Halving Impact**: The upcoming Bitcoin halving, scheduled for April, is expected to cause a double-digit decline in BTC prices and trigger a supply shock.

3. **Market Volatility and Sentiment**: The crypto market is experiencing significant volatility with a sharp 13% drop in Bitcoin following Middle Eastern geopolitical tensions and a 9% decline in mid-March.

4. **XRP Price Action**: XRP is trading around $0.49, with analysts predicting a potential parabolic rise to $1.40 following recent corrections and a potential rally to $22.

5. **Cardano and Market Dynamics**: Cardano experienced a significant sell-off, dropping from a new high of $0.624 to $0.45, while the broader market faces pressure ahead of the halving event."
2024-04-18;{'ada': 9, 'btc': 685, 'eth': 167, 'sol': 51, 'xrp': 74};"1. **Ethereum & BlockDAG**: BlockDAG is emerging as a new cryptocurrency opportunity with a presale surging to $17.9M, while Ethereum is consolidating near $3,030.
2. **ETF Expectations**: Bloomberg analysts have lowered the expected Asset Under Management (AUM) for Hong Kong Bitcoin and Ethereum ETFs to $1 billion.
3. **World Chain**: Worldcoin is launching an Ethereum Layer 2 network designed to improve efficiency and onboard new users.
4. **XRP & Shiba Inu**: XRP is facing a significant 18-20% drop over the past month, though analysts predict a massive rally to $22.
5. **Bitcoin Halving Impact**: The upcoming halving on April 20, 2024, is expected to drive price recovery and bullish sentiment for meme coins like Dogecoin and Shiba Inu."
2024-04-19;{'ada': 37, 'btc': 836, 'eth': 181, 'sol': 33, 'xrp': 68};"1. **Bitcoin Halving Impact**: The upcoming Bitcoin halving is expected to trigger a significant price rally, with analysts predicting a potential surge to $100,000 or higher following the reduction of block rewards to 3.125 BTC.

2. **Market Volatility and Sentiment**: Despite the anticipated rally, the market is currently volatile with significant liquidations occurring before the halving, while geopolitical tensions between Israel and Iran have caused Bitcoin to drop below $60,000.

3. **Institutional Adoption**: Spot Bitcoin ETFs have seen a cumulative outflow of $319 million over five days, indicating market dynamism as investors shift sentiment amid criticism of the underlying technology.

4. **DeFi and Layer 2 Growth**: The DeFi sector saw a resurgence with Total Value Locked (TVL) surging from $36 billion to nearly $97 billion, while new loyalty programs for early adopters were unveiled on the Ethereum Layer 2 network, Scroll.

5. **Memecoin and Whale Activity**: A significant whale investor recently purchased 3,250 units of Bitcoin Runes (WZRD), capitalizing on the anticipation of the"
2024-04-20;{'ada': 32, 'btc': 589, 'eth': 72, 'sol': 24, 'xrp': 77};"1. **Bitcoin Halving Impact**: The completion of the fourth Bitcoin halving has triggered a massive outflow of $1.6 billion from Grayscale's spot Bitcoin ETF, signaling growing market sentiment despite the reduced miner rewards.

2. **Market Performance**: Bitcoin has recently dropped approximately 15% in the past week following the halving, with prices settling around $63,880 while other assets like Solana and Ethereum face volatility.

3. **Exchange Reserves**: Mining pool reserves have hit a 12-year low at 1.92 million BTC, indicating increased accumulation by investors anticipating a potential price surge.

4. **Market Context**: Bitcoin is currently trading around $64,500, down over 5% in the past week, while Ethereum declined to $3,029 and other altcoins like XRP and Solana are also experiencing volatility.

5. **Strategic Outlook**: Analysts suggest Solana may be preparing for a breakout, with some predicting a potential $180,000 price target for Bitcoin this year as the market consolidates."
2024-04-21;{'ada': 4, 'btc': 345, 'eth': 90, 'sol': 11, 'xrp': 58};"1. **Bitcoin Halving Impact**: Following the April 20 halving, Bitcoin miner income dropped by approximately 50%, yet the event triggered a significant spike in network fees.
2. **Market Volatility**: Bitcoin experienced a sharp $4.5 million drop in one hour, with analysts predicting a potential rise to $650,000.
3. **Institutional Interest**: Bitwise CEO Hunter Horsley predicts a major surge in institutional holdings, while the market is anticipating a potential bull run to $140,000–$4.5 million.
4. **ETF Trends**: The recent approval of Spot Ethereum ETFs in Hong Kong prompted significant long-term accumulation from investors withdrawing over $500 million.
5. **Asset Performance**: Despite recent gains, Bitcoin's daily volume has dropped 52%, while Furrever Token (FURR) is emerging as a promising contender poised to outshine established meme coins."
2024-04-22;{'ada': 11, 'btc': 669, 'eth': 214, 'sol': 29, 'xrp': 66};"1. **Bitcoin Halving Impact**: The April 2024 Bitcoin halving reduced miner rewards to 3.125 BTC, signaling a shift toward lower minting fees and increased price volatility.
2. **Layer 2 Projects**: Layer 2 tokens surged 5–20% post-halving, outperforming Bitcoin and Ethereum, with BlockDAG raising $19.3 million in its presale.
3. **Ethereum Recovery**: Despite recent volatility, Ethereum investors remain bullish, with most traders holding long positions and the price currently trading around $3,200.
4. **Market Sentiment**: Experts suggest the halving could trigger a bullish cycle, with Bitcoin potentially reaching $73,600 by March 13.
5. **Transaction Fees**: Post-halving transaction fees have declined significantly, with high-priority transactions dropping to $8.48 and medium-priority to $8.48."
2024-04-23;{'ada': 30, 'btc': 745, 'eth': 228, 'sol': 44, 'xrp': 87};"1. **Bitcoin Price Analysis**: Analysts predict a potential price surge to $100,000 following the April 2024 halving, driven by rising electricity costs and miner prices.
2. **ETF Inflows**: Standard Chartered highlights massive US Bitcoin ETF inflows (approx. $12B in 2024), comparing them to gold's historical performance.
3. **Market Dominance**: Coinbase holds a ~70% market share in the U.S., significantly outpacing competitors like Binance and Asian exchanges.
4. **Whale Activity**: A reported ""buying spree"" by large holders is viewed as a bullish signal, driving Here is a concise summary of the provided text:

*   **Ethereum (ETH)**: The asset price is currently rising to $3,200. A sharp drop in Ethereum Open Interest coincided with the price decline, caused by long-term holders being liquidated. This indicates a cooling of the futures market, suggesting a potential resurgence in trading activity and a possible market reversal. Additionally, the negative funding rate suggests bearish sentiment, which historically increases the likelihood of an uptrend. The crypto market is entering a recovery"
2024-04-24;{'ada': 7, 'btc': 595, 'eth': 218, 'sol': 46, 'xrp': 79};"1. **Market Outlook & Price Targets**: Analysts predict Bitcoin could reach $150,000 by year-end and $200,000 by the end of 2025, driven by ETF growth and institutional investment.
2. **ETF Developments**: The SEC postponed decisions on Grayscale and Franklin Templeton's spot Ethereum ETF applications, while Hong Kong is set to launch spot Bitcoin and Ethereum ETFs by April 30, 2024.
3. **Bitcoin Halving Impact**: The fourth Bitcoin halving occurred on April 20, but prices did not rally significantly, with some ""whales"" reducing holdings while overall accumulation metrics remained stable.
4. **Market Volatility & Investor Behavior**: Due to significant market fluctuations, investors are seeking refuge in stable assets like Tether (USDT) and Tezos (XTZ), while some banks expect the dollar index to remain firm.
5. **Cryptocurrency Market Updates**: The crypto market is poised for another explosive growth period, driven by the completion of the fourth Bitcoin halving, which reduced miner rewards from 6.25 to 3.125 BTC."
2024-04-25;{'ada': 13, 'btc': 647, 'eth': 221, 'sol': 48, 'xrp': 85};"1. **Bitcoin Consolidation and Halving Outlook**: Analysts predict a potential ""parabolic upside"" for Bitcoin following the next halving event, with current prices hovering near $64,000.
2. **ETF Inflows and Institutional Adoption**: BlackRock's iShares Bitcoin Trust saw zero daily inflows on April 24, signaling a severe market downturn despite expectations of institutional adoption.
3. **Regulatory Challenges and Legal Actions**: The SEC received a Wells Notice over MetaMask, while US prosecutors charged founders with money laundering, impacting market sentiment.
4. **Memecoin Market Dynamics**: Following the Bitcoin halving, memecoins have surged in value and portfolio size, with analysts predicting a potential ""mania"" in the market.
5. **Mining Difficulty and Market Volatility**: Despite the halving reducing miner rewards by 50%, Bitcoin's mining difficulty increased to 88.1 trillion, while the global crypto market cap dropped 4% amid PCE inflation data uncertainty."
2024-04-26;{'ada': 10, 'btc': 641, 'eth': 212, 'sol': 35, 'xrp': 77};"1. **Bitcoin ETF Flows and Market Sentiment**: BlackRock's IBIT ETF saw zero inflows after a 71-day streak of positive capital, signaling a bearish trend as Bitcoin consolidates near $64,000.
2. **Technical Analysis Signals**: Analysts warn of a potential correction to the $59,000 mark using a red TD Sequential candle and a death cross between the 50 and 100-day moving averages.
3. **Mining Power and Hash Rates**: Marathon Digital increased its 2024 hash rate goal from 35-37 EH/s to 50 EH/s following recent capacity expansions.
4. **Institutional Investment and Custodians**: BNY Mellon led the largest bank entry into Bitcoin ETFs, while Grayscale reported 71 consecutive days of inflows into its Bitcoin ETF.
5. **Regulatory and Legal Developments**: The SEC filed lawsuits against Geosyn Mining and QAN blockchain co-founder Johann Polecsak, accusing them of unlawfully seizing authority over Ethereum."
2024-04-27;{'ada': 11, 'btc': 438, 'eth': 161, 'sol': 45, 'xrp': 69};"1. **Whale Accumulation**: Despite market weakness, large holders are actively accumulating Bitcoin, holding over 5.1 million BTC worth $331 billion.
2. **ETF Outflows**: Spot Bitcoin ETFs are seeing sharp outflows, while Ethereum (ETH) and Dogecoin (DOGE) are experiencing significant price volatility and selling pressure.
3. **Acinq Shutdown**: Acinq announced its Lightning Network wallet, Phoenix, will cease services for U.S. residents starting May 3, 2024.
4. **Regulatory Pressure**: The US Federal Reserve's PCE inflation gauge was hotter than expected, suggesting higher interest rates and potential regulatory challenges for digital assets.
5. **Market Consolidation**: Analysts suggest Bitcoin may need to consolidate for at least 210 days post-Halving before breaking into a parabolic uptrend."
2024-04-28;{'ada': 6, 'btc': 229, 'eth': 105, 'sol': 23, 'xrp': 64};"1. **Bitcoin (BTC) Price Correction**: Following a post-halving correction, Bitcoin dropped 6.6% from $67,250 to near $63,000 due to geopolitical tensions and ETF outflows.
2. **Ethereum (ETH) and Shiba Inu (SHIB)**: Consensys defends Ethereum against ShibaSwap migration, while SHIB is a top pick for April after a massive surge in late 2024.
3. **XRP and Solana (SOL)**: XRP is surging with a potential price spike to $4 by June-July, while Solana was the top performer in stablecoin transfers.
4. **Swiss National Bank Stance**: The Swiss National Bank remains skeptical of Bitcoin as a reserve asset amid market volatility.
5. **Blockchain Evolution and DEXs**: Directed Acyclic Graph (DAG) technology is emerging as a superior alternative for scalable transactions, while BlockDAG raised $21 million from its presale."
2024-04-29;{'ada': 22, 'btc': 542, 'eth': 295, 'sol': 30, 'xrp': 87};"1. **Ethereum ETF Approval Delays**: The U.S. SEC is delaying a ruling on spot Ethereum ETF applications, pushing the deadline to May 2024.

2. **Bitcoin Price Volatility**: Bitcoin is currently trading below $63,000, with analysts projecting a potential rise to $300,000 following the halving.

3. **BlackRock and Fidelity Engagement**: Major players like BlackRock and Fidelity are navigating the evolving crypto market despite regulatory hurdles.

4. **BlockDAG Market Success**: BlockDAG secured a $21.3M valuation and is targeting a $0.05 price point in its 45th presale round.

5. **Regulatory Context and Market Outlook**: The crypto market faces a downturn driven by inflation data, while Australia is poised to list its first spot Bitcoin ETF by the end of 2024."
2024-04-30;{'ada': 42, 'btc': 811, 'eth': 271, 'sol': 23, 'xrp': 85};"1. **Uniswap Volume Surge**: Uniswap contributes significantly more volume to Layer 2 blockchains than it did two years ago.
2. **SEC Investigation Status**: The SEC has been investigating Ethereum's potential classification as a security for over a year, with a formal order approved in March.
3. **MicroStrategy Bitcoin Holdings**: MicroStrategy bought more than 1% of Bitcoin's total supply.
4. **ETH/BTC Ratio Indicator**: Daan Crypto Trades argues that the ETH/BTC ratio is a superior indicator of altcoin market sentiment compared to the SOL/B Santiment reports.
5. **Market Volatility and ETFs**: Recent data shows Bitcoin dropped to ~$60,000 after the Hong Kong spot ETF debut, while Ethereum fell 6% to a multi-week low."
2024-05-01;{'ada': 17, 'btc': 650, 'eth': 198, 'sol': 24, 'xrp': 61};"1. **Bitcoin Price Correction**: Bitcoin has dropped over 18% from its all-time high of $73,737, marking the end of the market's euphoria phase as investors shift from holding profits to selling.
2. **Roger Ver Legal Issues**: Bitcoin pioneer Roger Ver was indicted for mail fraud, tax evasion, and filing false returns, with charges alleging he hid Bitcoin ownership and evaded nearly $50 million in taxes.
3. **ETF Outflows and Liquidity**: Spot Bitcoin ETFs registered massive outflows, with Grayscale and Fidelity leading the retreat, while 86% of long positions were liquidated following the price drop.
4. **Regulatory Scrutiny**: Rep. Patrick McHenry accused SEC Chair Gary Gensler of misleading Congress regarding Ethereum's status, citing a lawsuit where the SEC's internal review of Ethereum as a security was questioned.
5. **Market Sentiment Shift**: The Fear & Greed Index dropped from extreme greed to neutral, indicating a sharp decline as the market exits this high-sentiment zone and anticipates a potential recovery."
2024-05-02;{'ada': 9, 'btc': 767, 'eth': 149, 'sol': 46, 'xrp': 50};"1. **Tether (USDT) Financial Performance**: Tether reported a Q1 2024 net profit of $4.52 billion, driven by $1 billion in net operating gains from US Treasury holdings and $1 billion in mark-to-market gains on Bitcoin and gold.

2. **Bitcoin Price Correction**: Bitcoin experienced a sharp price drop from $64,000 to $57,000, marking the deepest retrace of the current cycle and falling to its lowest level in over two months since April.

3. **ETF Outflows and Market Sentiment**: A total outflow of $563 million occurred on Wednesday, following an outflow day, as investors withdrew $1.2 billion from ETFs since April 24, signaling a bearish outlook.

4. **MicroStrategy and Institutional Adoption**: MicroStrategy shifted its strategy to buy Bitcoin directly rather than buying back shares, while Wall Street executives and BlackRock are exploring corporate Bitcoin adoption.

5. **Regulatory and Legal Developments**: Federal prosecutors are investigating Block (Jack Dorsey's company) for compliance failures and alleged links to terrorist networks, while regulators are concerned about Bitcoin mining profits used to bypass"
2024-05-03;{'ada': 44, 'btc': 761, 'eth': 245, 'sol': 63, 'xrp': 89};"1. **Bitcoin ETFs and Institutional Adoption**: The text highlights significant inflows from spot Bitcoin ETFs, including reports from BlackRock, Coinbase, and Fidelity, alongside the launch of MicroStrategy's decentralized identity system.

2. **Market Volatility and Price Corrections**: Analysts predict a sharp decline in Bitcoin following the April halving, with price action ranging from a $50k to $78k range, reflecting a bearish breakout formation.

3. **Institutional Investment and Whale Activity**: Major financial institutions like BlackRock and pension funds are increasing their exposure to crypto assets, while whale purchases of tokens like ZENT and COMP have increased despite the market downturn.

4. **Ethereum and Solana Performance**: Ethereum is showing signs of recovery with a 500% fee increase, while Solana (SOL) is outperforming other major altcoins like Dogecoin and Pepe.

5. **Regulatory and Legal Developments**: The SEC is expected to submit a reply brief on the proposed penalties for the Ripple case, and the US DOJ is cracking down on crypto-related fraud cases."
2024-05-04;{'ada': 29, 'btc': 446, 'eth': 112, 'sol': 30, 'xrp': 85};"1. **Bitcoin Price Surge and Market Recovery**: Bitcoin has surged past $60,000, marking a significant recovery from previous lows and signaling a potential bull run phase.
2. **PEPE & Bitcoin ETFs**: An anonymous whale purchased 1.75 trillion SHIB tokens for $39.2 billion, while Grayscale's Bitcoin ETF recorded a $63 million inflow.
3. **Ripple & XRP**: Ripple has released specification XLS-68d to streamline transactions, and CEO Brad Garlinghouse reaffirmed XRP's status as a non-security token.
4. **Fidelity & Pension Funds**: Fidelity Digital Assets reports pension funds are increasingly open to crypto asset investment, signaling a shift in traditional finance's interest.
5. **Bitcoin ETFs & Grayscale**: Grayscale's Bitcoin Trust recorded the first-ever inflow since April 23, totaling $378.3 million, marking the start of a new inflow streak."
2024-05-05;{'ada': 14, 'btc': 377, 'eth': 113, 'sol': 34, 'xrp': 73};"1. **Bitcoin Price Surge**: Bitcoin has reached new all-time highs, with analysts predicting potential surges to $125,000 by 2025 and $300,000 by 2026.
2. **Institutional Adoption**: Major financial institutions, including BlackRock and Grayscale, have increased their holdings in Bitcoin ETFs, signaling strong market confidence.
3. **Market Volatility**: The crypto market experienced significant volatility with mid-week crashes followed by strong rallies toward the weekend.
4. **Altcoin Gains**: While Bitcoin and Ethereum led the charge, altcoins like Solana, Cardano, and Shiba Inu also showed signs of recovery.
5. **Regulatory and Legal Issues**: Legal challenges faced by Bitcoin founder Alexander Vinnik and reports of scams involving $71 million in Wrapped Bitcoin underscore the regulatory landscape."
2024-05-06;{'ada': 28, 'btc': 762, 'eth': 259, 'sol': 42, 'xrp': 79};"1. **Bitcoin Market Surge**: Bitcoin has reached new all-time highs, with prices fluctuating between $60,000 and $73,777.
2. **Institutional Adoption**: Institutional investors are driving the market, evidenced by Grayscale's first net inflow and ETF approvals.
3. **Ethereum Recovery**: Ethereum is showing signs of a potential bull rally, breaking out from falling wedge patterns.
4. **Regulatory Crackdown**: The SEC and IRS are intensifying efforts against un-hosted wallets and DeFi self-custody.
5. **Altcoin Volatility**: While Bitcoin stabilizes, altcoins like Solana and Furrever Token are experiencing significant price swings."
2024-05-07;{'ada': 18, 'btc': 629, 'eth': 271, 'sol': 25, 'xrp': 78};"1. **Bitcoin Price Surge and Institutional Adoption**: Bitcoin recently recovered to the $65,000-$68,800 range, driven by institutional interest and ETF inflows.
2. **Regulatory Uncertainty and SEC Decisions**: The SEC has postponed decisions on the Invesco Galaxy Ethereum ETF to July 2024, while the CFTC classifies alternative coins as commodities.
3. **Grayscale GBTC ETF Performance**: Grayscale's GBTC ETF transitioned to an open-ended fund structure, eliminating discounts and seeing net inflows of $3 million.
4. **Ethereum Market Volatility and Whale Activity**: Ethereum is trading near $3,077, facing bearish sentiment due to regulatory delays, while whale activity shows a shift from buying to selling.
5. **Market Outlook and AI Sector Outlook**: Analysts predict Bitcoin could reach $150,000-$200,000 by 2024, while the AI sector is expected to outperform due to infrastructure and AI token developments."
2024-05-08;{'ada': 4, 'btc': 360, 'eth': 224, 'sol': 31, 'xrp': 68};"1. **Ethereum Price Analysis**: Ethereum is currently trading below $3,100, facing a bearish outlook due to weak fundamentals and regulatory scrutiny.
2. **Bitcoin Price Prediction**: Analysts forecast a potential surge to $265,000, though this may take time, as Bitcoin has been under pressure since surpassing $60k.
3. **Ethereum EIP-7702**: This proposal refines account abstraction, allowing externally owned accounts to temporarily operate as smart contract wallets during transactions.
4. **Bitcoin & Argentina**: Argentina is making a major move to adopt Bitcoin, following Elon Musk's recommendation, with YPF Luz signing an agreement with Genesis Digital Assets Limited.
5. **Shiba Inu Price Predictions**: Analysts have significantly raised SHIB price expectations, with predictions ranging from $0.0001553 to as high as $0.011."
2024-05-09;{'ada': 41, 'btc': 416, 'eth': 195, 'sol': 23, 'xrp': 111};"1. **Ethereum's Deflationary Model**: CryptoQuant reports Ethereum may never return to a deflationary model after its latest hard fork, citing massive net outflows in the tens of billions.
2. **Market Sentiment**: Despite these outflows, investors recently began buying back into GBTC, potentially reversing the bearish sentiment driven by SEC pressure and ETF exits.
3. **Bitcoin Trends**: Bitcoin is halting its downtrend, with whale activity indicating accumulation. It has seen a significant investment from Tether, expanding its operations to include services at locations like Wendy's and Radisson Hotels.
4. **Solana vs. Ethereum**: Solana is set to overtake Ethereum in transaction fees and captured MEV this month, despite Ethereum retaining a significant lead in daily fees and total value locked.
5. **Market Performance**: Ethereum has seen a 28% monthly drop, with Cardano being identified as a ""lifetime entry"" opportunity at $0.44, while Bitcoin is predicted to reach over $260,000."
2024-05-10;{'ada': 4, 'btc': 518, 'eth': 249, 'sol': 42, 'xrp': 79};"1. **Market Cycles:** The text highlights a cyclical pattern where crashes in 2016 and 2019 were followed by significant recoveries.
2. **Bitcoin Price Trajectory:** Analysts warn that if Bitcoin fails to hold above $61,000, it could drop to $52,000–$55,000.
3. **Ethereum (ETH) Price:** The price is expected to crash further, potentially dropping below $2,500 as liquidity flows toward Bitcoin.
4. **Grayscale (GBTC) Revenue:** Despite Bitcoin fund outflows, Grayscale reported stable revenue in early 2024.
5. **XRP Price Outlook:** Analysts suggest XRP could bounce from support at $0.533 to $0.54 if Donald Trump wins the presidency."
2024-05-11;{'ada': 13, 'btc': 304, 'eth': 142, 'sol': 8, 'xrp': 71};"1. **Bitcoin Market Volatility and Liquidations**
   A sharp decline in Bitcoin's price triggered significant liquidations, resulting in over $127 million in long positions being sold.

2. **CleanSpark Mining Company Performance**
   CleanSpark emerged as a top-tier mining company with a valuation exceeding $3 billion, driven by a 160% year-over-year revenue increase.

3. **SEC Regulatory Actions and ETF Issues**
   Regulatory actions including SEC scrutiny and ETF fund issues are contributing to the sharp decline in the U.S. cryptocurrency market.

4. **Crypto Whale Scams and Fraud**
   Recent news highlights crypto whale scams involving fraudulent tokens and the laundering of stolen funds across numerous addresses.

5. **Ethereum ETF Staking Plans**
   Ark Invest and 21Shares have abandoned staking plans entirely, causing market confusion and volatility."
2024-05-12;{'ada': 20, 'btc': 228, 'eth': 107, 'sol': 17, 'xrp': 46};"1. **Ethereum (ETH)**: A whale sold all holdings, causing a $6.5M loss, potentially signaling a price drop.
2. **Gold & Silver**: Economist Peter Schiff predicts a massive bull market in precious metals, calling Bitcoin ""dead money"" due to ETF outflows.
3. **Cardano (ADA)**: Analyst Dan Gambardello suggests Cardano's bull run will mirror Ethereum's, expecting it to reach levels similar to Ethereum's 2020 halving.
4. **Shiba Inu (SHIB)**: SHIB experienced a significant decline, with price action remaining within a consolidation range.
5. **Bitcoin (BTC)**: Bitcoin has recently cooled off after hitting a new all-time high in mid-March, with price action remaining within a consolidation range."
2024-05-13;{'ada': 13, 'btc': 522, 'eth': 191, 'sol': 36, 'xrp': 85};"1. **Bitcoin Price Outlook**: Analysts predict Bitcoin could reach $1 million by 2030, driven by the BlockDAG network and institutional interest.
2. **ETF Revisions**: ARK Invest and 21Shares have scrapped the ability to stake a portion of their spot Ethereum ETF applications.
3. **Market Sentiment**: Despite recent slowdowns, Bitcoin is showing signs of a comeback with strong support at $61,000.
4. **El Salvador Treasury**: The El Salvador National Bitcoin Office launched a dedicated mempool space to track its $360M treasury.
5. **Solana Performance**: Solana has climbed to a year-to-date high of $202 and is projected to surpass its all-time high of $260."
2024-05-14;{'ada': 9, 'btc': 615, 'eth': 249, 'sol': 54, 'xrp': 122};"1. **Bitcoin ETF Activity**: A recent Bank of Montreal filing revealed significant exposure to spot Bitcoin ETFs, marking a trend of conventional financial institutions entering the market.
2. **Market Consolidation**: Bitcoin is currently consolidating around $60,000, with short-term traders active while long-term holders accumulate.
3. **XRP Price Action**: Analysts predict a massive XRP surge to $33.50, citing a technical indicator called the ""Line of Hestia.""
4. **Ethereum ETF Decision**: The upcoming SEC decision on Ethereum ETFs (due May 25) is a pivotal factor in ETH's price movement.
5. **MicroStrategy Strategy**: MicroStrategy is a solid entry point for those who can handle volatility, as its current 1.60x premium is historically low."
2024-05-15;{'ada': 12, 'btc': 779, 'eth': 243, 'sol': 53, 'xrp': 101};"1. **Market Performance**: GameStop shares surged 154% in 2024, significantly outpacing Bitcoin's 129% gain.
2. **CoinShares & Galaxy Digital**: CoinShares recorded a record-breaking Q1 2024 revenue of $2, while Mike Novogratz predicts Bitcoin will trade within a narrow range of $55,000 to $75,000.
3. **SEC & Ethereum**: The SEC's ruling on Ethereum is uncertain, with volatility expected and PEPE's progress to high levels taking time.
4. **BlockDAG & Ethereum**: BlockDAG aims to surpass Cardano and TRON by combining blockchain with Directed Acyclic Graphs (DAG) for faster transactions and lower costs.
5. **Binance vs. Coinbase**: Binance holds a massive spot volume dominance over Coinbase (53x in 2023), primarily due to Binance's zero-fee Bitcoin trading scheme."
2024-05-16;{'ada': 12, 'btc': 783, 'eth': 221, 'sol': 58, 'xrp': 101};"1. **Millennium Management's Institutional Entry**: Millennium Management announced a $2 billion investment in spot Bitcoin ETFs, marking a significant institutional shift into the cryptocurrency market.

2. **Bitcoin Price Surge and Market Performance**: Bitcoin surged to $66,461, driven by softer U.S. inflation data and a potential Federal Reserve rate cut, while the broader crypto market rose 6.2%.

3. **ETF Market Dominance and Inflows**: Spot Bitcoin ETFs recorded a $302.97 million net inflow, with BlackRock's IBIT and Fidelity's FBTC leading corporate holdings and institutional activity.

4. **Regulatory and Legal Developments**: The U.S. Senate passed legislation overturning the SEC's controversial policy on financial institutions holding Bitcoin, while the DOJ charged brothers Anton and James Peraire-Bueno with wire fraud.

5. **Institutional Activity and CME Launch**: The Chicago Mercantile Exchange is investigating the possibility of launching Bitcoin spot trading, capitalizing on demand from Wall Street investors and pension funds."
2024-05-17;{'ada': 12, 'btc': 553, 'eth': 168, 'sol': 30, 'xrp': 67};"1. **Institutional Adoption:** 937 institutional investors reported holding Bitcoin Spot ETFs, a figure 10 times higher than that of the Gold ETF.
2. **Ethereum & Layer 2:** Ethereum is evolving from a proof-of-work network to a proof-of-stake system to address scalability and high transaction fees, with Layer 2 solutions like Arbitrum and ZK-rollups playing a key role.
3. **ICP Price:** The ICP token price has surged 120% year-to-date, currently trading at $12.05, which is 98% below its all-time high of $700 (September 2023).
4. **Tokamak:** Focuses on reducing latency by increasing block rates and introducing a new synchronous submission endpoint.
5. **Stellarator:** Aims to increase storage layer capacity (up to 1TB)."
2024-05-18;{'ada': 7, 'btc': 286, 'eth': 155, 'sol': 33, 'xrp': 59};"1. **Bitcoin Market Dynamics**: Analysts predict a prosperous future for cryptocurrencies as Bitcoin enters a confirmed bull cycle with market cap growth exceeding realized capital.
2. **Solana Performance**: Solana is recognized as the speed champion among large blockchains, recording a record 1,504 daily transactions per second on April 6, 2024.
3. **Institutional Adoption**: Institutional adoption is driving the market, with spot ETFs seeing $300 million in net inflows and corporate holdings reaching record highs.
4. **Crypto Legal Cases**: Legal challenges are emerging, including a wire fraud conviction for a crypto personality and a $200 million money laundering case involving XRP.
5. **ETF Approval and Inflows**: The market is seeing significant activity with 11 spot Bitcoin ETFs making their market debut and global institutional investment surging in Q1 2024."
2024-05-19;{'ada': 7, 'btc': 255, 'eth': 106, 'sol': 31, 'xrp': 58};"1. **Bitcoin Price Surge**: Bitcoin has surged to $67,000, breaking a previous resistance level and showing signs of a potential rally.
2. **Ethereum ETF Outlook**: Analysts predict a subsequent bullish run where altcoins could see 1000% gains following the approval of the Spot Ethereum ETF.
3. **Regulatory Clarity**: The upcoming FIT21 bill and SEC approval of the Spot Ethereum ETF are expected to trigger a significant market U-turn.
4. **Whale Activity**: A significant accumulation of 1,590 BTC was recorded from Binance, signaling strong buying pressure amid market volatility.
5. **Market Sentiment**: Despite recent rough patches, the market is experiencing renewed bullish momentum with a 10% rally over the past week."
2024-05-20;{'ada': 15, 'btc': 591, 'eth': 270, 'sol': 48, 'xrp': 79};"1. **Bitcoin Price Analysis**: Bitcoin is currently trading around $67,000, facing resistance near $67,500 and $68,000, with analysts anticipating a potential breakout to new all-time highs.

2. **Ethereum ETF Speculation**: The U.S. SEC is set to decide on the approval of the Spot Ethereum ETF, which is expected to drive a significant price surge in Ethereum and a sharp decline in Bitcoin.

3. **Institutional Adoption**: Institutional investors are showing strong interest, with BlackRock's BlackRock ETF seeing a $257 million inflow and Fidelity's FBTC leading at $99.4 billion.

4. **Market Sentiment**: Crypto sentiment has shifted from neutral to greedy, signaling a potential bull run, while retail investors are returning to meme coin markets.

5. **Regulatory Developments**: A UK court found anonymous Bitcoin creator Craig Wright not guilty, and the SEC is reviewing applications from exchanges to list Ethereum ETFs."
2024-05-21;{'ada': 20, 'btc': 496, 'eth': 704, 'sol': 49, 'xrp': 82};"1. **Bitcoin Price Surge**: Bitcoin has reached record highs, breaking the $70,000 barrier and approaching potential all-time levels.
2. **Ethereum ETF Speculation**: Analysts predict a 75% chance of US spot Ethereum ETF approval, which could drive significant market inflows.
3. **Institutional Inflows**: Major financial institutions like Fidelity and Grayscale are filing applications and showing strong interest in crypto assets.
4. **Market Volatility**: Recent price surges have triggered significant liquidations, with over $330 million lost by short traders.
5. **Regulatory Updates**: The SEC is reviewing 19b-4 filings and has reportedly shifted its stance toward approving spot Ethereum ETFs."
2024-05-22;{'ada': 22, 'btc': 598, 'eth': 597, 'sol': 63, 'xrp': 94};"1. **Ethereum ETF Approval**: The SEC is likely to approve spot Ethereum ETFs, driven by Fidelity's revised S-1 filing and ongoing market speculation.

2. **Bitcoin Price Correction**: The Bitcoin price has recovered above $71,000 but is now pulling back below $70,000, suggesting a bullish divergence that may be paying off.

3. **Solana Market Outlook**: Analysts suggest Solana could surge significantly, potentially reaching its all-time high of $260, driven by predictions of a massive altcoin surge.

4. **Trump Campaign Crypto**: Donald Trump's 2024 campaign plans to accept cryptocurrency donations and build a ""Trump Bitcoin army,"" contrasting this with President Biden's skepticism.

5. **Market Volatility**: The crypto market is experiencing significant volatility with Bitcoin dipping to $69K while Ethereum rallies to $0.718, driven by anticipation of SEC approval for Spot Ethereum ETFs."
2024-05-23;{'ada': 13, 'btc': 460, 'eth': 492, 'sol': 69, 'xrp': 80};"1. **Ethereum ETF Speculation**: Analysts anticipate the U.S. SEC will approve spot Ethereum ETFs, which could significantly boost market sentiment and price.
2. **Bitcoin Price Action**: Bitcoin is currently trading around $68,000 to $70,000, facing potential drops due to weak economic data and whale transactions.
3. **Market Volatility**: The crypto market is experiencing significant volatility ahead of the U.S. SEC's decision on the VanEck spot Ethereum ETF application.
4. **Whale Activity**: Recent on-chain data indicates that Ethereum whale activity has reached an all-time high, signaling active large transaction behavior.
5. **ETF Flows**: BlackRock's spot Bitcoin ETF saw a massive $290 million net inflow on May 21, marking the highest since April 5 and breaking a six-week streak of stagnation."
2024-05-24;{'ada': 33, 'btc': 457, 'eth': 691, 'sol': 57, 'xrp': 94};"1. **SEC Approval of Spot Ethereum ETFs**
The U.S. Securities and Exchange Commission has officially approved eight spot Ethereum (ETH) exchange-traded funds, marking a pivotal regulatory milestone that signals potential institutional capital influx.

2. **Bitcoin Price Correction and Resistance Levels**
Bitcoin experienced a sharp correction, dropping from its weekly high of $71,980 to as low as $67,000, while technical analysts identify $72,000 as a strong resistance level and $60,000 as a lower support zone.

3. **Market Volatility and Institutional Interest**
Despite the regulatory approval, the crypto market has seen significant volatility with significant liquidations, as investors rotate capital toward Ethereum while facing resistance despite recent price surges.

4. **Ethereum Price Divergence**
Ethereum's price has dropped 4% to $3,632 following the ETF approval, contrasting with the bullish sentiment seen in other assets, as the market remains cautious despite expectations of a potential 75%+ rally for top-10 altcoins.

5. **Whale Activity and Market Sentiment**
Recent data indicates that Sh"
2024-05-25;{'ada': 4, 'btc': 397, 'eth': 323, 'sol': 48, 'xrp': 89};"1. **Ethereum ETF Approval Impact**: The SEC's approval of spot Ethereum ETFs is driving a significant price surge and institutional adoption, with analysts predicting potential price increases to $95,000.

2. **Bitcoin Price Consolidation**: Despite ETF approvals, Bitcoin is currently consolidating around $65,000–$69,000, with whale accumulation and institutional buying driving renewed bullish activity.

3. **Market Sentiment and Liquidity**: The crypto market is experiencing a revival driven by ETF approvals, with Bitcoin holding above $68k while altcoins like Solana and Shiba Inu are seeing renewed optimism.

4. **Whale Activity and Institutional Interest**: Large holders are accumulating significant amounts of Bitcoin and Ethereum, with some predicting a potential price surge to $95,000 following the recent price action.

5. **Regulatory and Compliance Risks**: While the market is bullish, there are warnings from traders regarding staking risks and potential government scrutiny, alongside concerns about regulatory changes in South Korea and the US."
2024-05-26;{'ada': None, 'btc': 214, 'eth': 164, 'sol': 10, 'xrp': 49};"1. **US SEC Approval**: The U.S. SEC approved spot Ether ETFs, marking a shift from the January approval of spot Bitcoin ETFs.
2. **Senate Bill**: The FIT21 crypto bill is currently moving to the Senate for consideration.
3. **Sam Bankman-Fried**: He was held in Oklahoma following his conviction in the case involving the collapse of Block One.
4. **Trump's Stance**: Donald Trump stated that Biden wants crypto to ""die a slow and painful death.""
5. **Analyst Views**: ""Il Capo"" evaluated Bitcoin and Solana, noting their performance against the broader market."
2024-05-27;{'ada': 9, 'btc': 359, 'eth': 371, 'sol': 22, 'xrp': 96};"1. **Bitcoin Market Outlook**: Bitcoin is expected to drop after early investors saw massive returns if its market cap reaches $400k–$800k.
2. **Current Status**: Bitcoin is consolidating near the $69,500 level, facing resistance at $69,100 and $70,000.
3. **Analyst Prediction**: Analysts predict Ethereum will outperform Bitcoin.
4. **Target**: Bluntz targets a $0.1 BTC level for the ETH/BTC pair.
5. **Current Status**: XRP is trading below $0.5350 and the 100-hourly SMA, showing bearish signs near the $0.5420 resistance zone."
2024-05-28;{'ada': 5, 'btc': 563, 'eth': 312, 'sol': 73, 'xrp': 102};"1. **Gem Digital and Alpha Token Capital Investment**: Chainge Finance secured a $13 million investment to expand cross-chain trading capabilities.
2. **Dogecoin Price Forecast**: Analysts predict a potential 700% surge for Dogecoin (DOGE) to $1.17, citing whale accumulation and bullish on-chain metrics.
3. **Dogecoin ETF Potential**: Experts suggest a Dogecoin ETF could be the next crypto fund to launch after the Spot Ethereum ETF approval.
4. **Bitcoin Consolidation and Volatility**: Bitcoin is currently consolidating near $68,000 to $70,000, with price drops following Mt. Gox's $9 billion transfer.
5. **Ethereum ETF Approval Impact**: The SEC's approval of the first spot Ethereum ETF is driving a two-month high in net inflows and boosting investor sentiment."
2024-05-29;{'ada': 22, 'btc': 579, 'eth': 371, 'sol': 90, 'xrp': 121};"1. **ETF Performance**: BlackRock's iShares Bitcoin Trust (IBIT) surpassed Grayscale's GBTC to become the largest Bitcoin ETF, recording net inflows of $102.5 million.
2. **Market Outlook**: Analysts predict Ethereum could reach $15,000 following the approval of spot Ethereum ETFs.
3. **Price Targets**: The AI Exchange launched, setting targets for Ethereum at $10,000, Solana at $300, and Algotech at $10.
4. **Institutional Interest**: Solana investment funds recorded a year-to-date net inflow of $29 million, with $8 million from last week and $19 million this month.
5. **Market Sentiment**: Bitcoin is technically under pressure but remains in a bullish formation, with high-volume options trading suggesting potential for gains above $70,000."
2024-05-30;{'ada': 5, 'btc': 597, 'eth': 365, 'sol': 33, 'xrp': 75};"1. **Ethereum Spot ETF Approval**: The U.S. SEC has approved multiple spot Ethereum ETF filings, signaling a potential market launch.
2. **Bitcoin Price Correction**: Bitcoin is currently trading in a bearish correction, with prices fluctuating between $67k and $70k.
3. **Shiba Inu (SHIB) Surge**: Shiba Inu experienced a significant rally, rising 15% and seeing its open interest spike by 85%.
4. **Bitcoin ETF Futures Open Interest**: Bitcoin futures open interest hit a new high of 516k BTC on May 29th.
5. **BlackRock Bitcoin Fund**: BlackRock has overtaken Grayscale to become the world's largest Bitcoin fund with approximately $19.68 billion in assets under management."
2024-05-31;{'ada': 35, 'btc': 543, 'eth': 267, 'sol': 30, 'xrp': 99};"1. **Bitcoin Market Analysis**: Bitcoin is currently trading around $68,271, showing a sideways trend for nearly 100 days with high on-chain activity.
2. **ETF Market Activity**: Spot Bitcoin ETFs saw significant investment from Fidelity and Bitwise on May 30, 2024, indicating strong investor confidence.
3. **Shiba Inu (SHIB) Outlook**: Analysts predict a potential breakout to $0.00006000, with some targeting $0.0001, though it currently faces a 7% correction.
4. **Ripple (XRP) & SEC**: Ripple CEO Brad Garlinghouse predicts ETF approvals for XRP, Solana, and Cardano following the SEC's approval of the Spot Bitcoin and Ether ETFs.
5. **Ethereum & Layer-2**: Consensys-backed Linea and Matter Labs are pushing forward with Layer-2 solutions, while Grayscale is commissioning Flow Traders to sell ETH to cover management fees."
2024-06-01;{'ada': 6, 'btc': 351, 'eth': 148, 'sol': 22, 'xrp': 54};"1. **Solana & BlackRock**: Solana is making a comeback while BlackRock increases its Bitcoin exposure.
2. **Semler Scientific**: Semler Scientific is using Bitcoin as a treasury reserve.
3. **Kardashian Token**: A Kardashian-linked token recently gained attention with higher stakes.
4. **Bitcoin vs. Gold**: Bitcoin's correlation with gold is currently weak and positive.
5. **Riot Platforms**: Riot Platforms is bidding for Bitfarms."
2024-06-02;{'ada': 12, 'btc': 200, 'eth': 120, 'sol': 19, 'xrp': 49};"1. **ETF Launches and Price Targets**: Analysts predict the launch of the ETH ETF for June, with Bitcoin targeting $100K and Ethereum projected to rise to $3,863.83.
2. **Mt. Gox and Legal Sentiment**: Significant Bitcoin movement occurred as creditors were paid, while legal warnings include a $1.5 million fraud scheme and a $10 million loss from a hacked DEX.
3. **Chainlink and Ripple Developments**: Chainlink experienced a 14.86% price surge due to strategic partnerships, while Ripple Labs countered SEC opposition to seal key documents in its lawsuit.
4. **Global Impact and Market Sentiment**: El Salvador's President Nayib Bukele was sworn in for a second term, and 93.4% of Bitcoin supply is in profit during the current euphoria phase.
5. **Influencer Holdings and Regulatory Shifts**: Prominent figures like Justin Sun and Vitalik Buterin hold significant on-chain assets, while the US government approved spot Ethereum ETFs."
2024-06-03;{'ada': 25, 'btc': 486, 'eth': 235, 'sol': 33, 'xrp': 80};"1. **Bitcoin (BTC) Price Analysis**: Analysts predict a potential breakout to $74,000-$75,000, with some predicting an all-time high near $85,000.
2. **Ethereum (ETH) ETF Impact**: Following the SEC's approval of spot ETH ETFs, a massive withdrawal of $3 billion occurred, indicating a potential supply squeeze.
3. **Bitcoin Market Trends**: Bitcoin and Ethereum exchange reserves have hit record lows, indicating strong market conditions despite recent consolidation.
4. **Institutional Investment**: The State of Wisconsin Investment Board (SWIB) has invested $162 million in spot Bitcoin ETFs, signaling strong institutional interest.
5. **Monochrome ETF Launch**: Australia's Monochrome Asset Management is set to debut its spot Bitcoin ETF (IBTC) on the Cboe Australia exchange on June 4."
2024-06-04;{'ada': 12, 'btc': 668, 'eth': 325, 'sol': 49, 'xrp': 88};"1. **Bitcoin Price Action**: Bitcoin surged above $70,000, challenging resistance levels.
2. **Analyst Outlook**: Analyst Peter Brandt predicts a potential top near $150,000 in 2025.
3. **Breakout Criteria**: Trader Rekt Capital suggests a daily close above $68,000 is crucial for confirming a breakout.
4. **Market Dynamics**: Large unlocks for several altcoins are expected next month, and crypto bounces occurred.
5. **ETF Inflows**: U.S. spot Bitcoin ETFs recorded 15 consecutive days of net inflows, boosting BlackRock's iShares Bitcoin Fund."
2024-06-05;{'ada': 1, 'btc': 658, 'eth': 273, 'sol': 45, 'xrp': 120};"1. **Ethereum (ETH) Price Action**: Ethereum is consolidating near $3,787, with a potential breakout to $4,000 if it clears the $3,840 resistance zone.
2. **Bitcoin (BTC) Market Dynamics**: Bitcoin has surged to $71,000, driven by massive US spot ETF inflows and a ""NVT Golden Cross"" signal indicating a potential local bottom near $69K-$70K.
3. **XRP (XRP) Price Outlook**: Ripple's XRP is trading around $0.5255, facing resistance near $0.5300-$0.5450, with analysts anticipating a potential 21,900% rally on a 44-day chart pattern.
4. **Dogecoin (DOGE) Outlook**: Analysts predict Dogecoin could outperform Bitcoin in the current market cycle, anticipating a ""parabolic"" rise with some suggesting it could reach $2.
5. **Bit Digital (BTBT) as a Buyout Candidate**: Bit Digital is identified as a strong target for a potential buyout, with the author suggesting a"
2024-06-06;{'ada': 16, 'btc': 555, 'eth': 233, 'sol': 17, 'xrp': 115};"1. **Bitcoin ETF Inflows**: Spot Bitcoin ETFs recorded their second-highest inflow on June 4th with a net inflow of $886.7 million.
2. **XRP Price Action**: The price is rising above $0.5250 and approaching $0.5320 as a key resistance level.
3. **Ethereum Price Target**: VanEck forecasts Ethereum could reach $22,000 by 2030 amid rising prices and accumulation.
4. **Bitcoin Price Prediction**: Analysts predict a potential spike to $1 million if it mirrors the 2013–2017 pattern.
5. **Market Dynamics**: In 2017 and 2021, Bitcoin's surge drove capital into a smaller pool of altcoins, causing broad price increases."
2024-06-07;{'ada': 22, 'btc': 729, 'eth': 272, 'sol': 12, 'xrp': 71};"1. **Bitcoin ETF Inflows**: U.S. spot Bitcoin ETFs recorded a record streak of 18 consecutive days of net inflows, with BlackRock and Fidelity leading the massive institutional buying.
2. **Price Consolidation**: Bitcoin is currently trading in a range between $66,500 and $71,500, showing reduced volatility after a recent surge.
3. **Institutional Accumulation**: Long-term holders have reduced their share of the supply from 57% to 54%, while long-term holders are accumulating 70,000 BTC in a single month.
4. **Market Sentiment**: The Fear & Greed Index has surged to its highest level since mid-April, indicating extreme greed and a potential price reversal.
5. **Regulatory Developments**: The U.S. SEC lost a court case on June 5, overturning its Private Fund Adviser rule, and the SEC Chair commented on Ethereum ETF proposals."
2024-06-08;{'ada': 7, 'btc': 411, 'eth': 215, 'sol': 30, 'xrp': 111};"1. Donald Trump has declared himself the ""Crypto President"" to strengthen his stance on the cryptocurrency ecosystem.
2. Bitcoin is currently experiencing severe network congestion with transaction costs surging to $34.08.
3. The SEC requested exchanges to refine their application filings for ETH ETFs, sparking debate regarding Gary Gensler's stance.
4. A dormant Ethereum wallet reactivation coincides with high volatility and a U.S. jobs report.
5. Bitcoin miners faced a downturn following a US jobs report and a European Central Bank interest rate cut."
2024-06-09;{'ada': 4, 'btc': 184, 'eth': 99, 'sol': 16, 'xrp': 56};"1. GameStop stock reached a $1 billion stake while Bitcoin saw increased open interest amid new U.S. regulations.
2. Arthur Hayes discussed how central bank policies and interest rates influence the future of global finance.
3. The Arbitrum DAO launched a $215 million fund to enhance the Ethereum gaming ecosystem with 225 million ARB tokens.
4. Bitcoin ETF inflows hit a record $1.8 billion despite price stagnation, with Dogecoin expected to outperform in the bull run.
5. The cryptocurrency market experienced significant volatility, with Bitcoin dropping $2,500 and triggering a massive decline in altcoins."
2024-06-10;{'ada': 17, 'btc': 707, 'eth': 421, 'sol': 56, 'xrp': 70};"1. **Bitcoin Price Action**: Bitcoin is currently oscillating between $69k and $71k, with recent drops below $69k and potential rallies toward $100k.
2. **ETF Inflows**: Spot Bitcoin ETFs have seen significant inflows, with the first week of June adding 25,729 BTC, the highest weekly activity since mid-March.
3. **Market Volatility**: The crypto market is experiencing significant volatility, with Bitcoin and altcoins facing sharp declines as investors react to unfavorable macroeconomic data.
4. **Institutional Adoption**: Institutional interest is growing, with Spot Bitcoin ETFs holding over $70 billion and DeFi Technologies purchasing 110 BTC as its primary reserve asset.
5. **Altcoin Performance**: While Bitcoin faces pressure, altcoins like Solana and Dogecoin are showing signs of recovery or significant price movements."
2024-06-11;{'ada': 25, 'btc': 831, 'eth': 401, 'sol': 63, 'xrp': 70};"1. **Bitcoin Price Correction:** Bitcoin has dropped to $66,000, marking a significant decline from its all-time high of $73,750.
2. **ETF Outflows:** The US Spot Bitcoin ETF recorded a net outflow of $65 million on June 10th, reversing a 19-day streak of inflows.
3. **Institutional Adoption:** Metaplanet, a Japanese tech firm, acquired 141 BTC, while DeFi Technologies adopted Bitcoin as its reserve asset.
4. **Market Sentiment:** Despite recent gains, the crypto market is not in a bull run, with Bitcoin and other altcoins currently in a mixed phase.
5. **Regulatory Concerns:** The EU has released a report warning about the potential misuse of crypto mining and Layer-2 technologies by criminal organizations."
2024-06-12;{'ada': 4, 'btc': 916, 'eth': 373, 'sol': 52, 'xrp': 123};"1. **Institutional Support:** The Industrial and Commercial Bank of China (ICBC) labeled Ethereum as ""digital oil,"" highlighting its growth and comparing it to Bitcoin.
2. **Ethereum Momentum:** Ethereum's rise is driven by spot ETFs and the inclusion of fault proofs in Layer 2 protocols (Optimism), marking a new milestone.
3. **Bitcoin Price Analysis:** Analysts predict Bitcoin could reach a new all-time high near $73,000, driven by short-term traders liquidating positions at that level.
4. **US CPI Impact:** The upcoming CPI data and FOMC interest rate decisions are expected to influence Bitcoin's price, with forecasts ranging from a 3.4% drop to a potential 4.1% surge.
5. **Market Sentiment:** The crypto market is currently volatile, with significant outflows from U.S. spot Bitcoin ETFs and a shift toward bullish sentiment following recent economic data."
2024-06-13;{'ada': 6, 'btc': 735, 'eth': 268, 'sol': 68, 'xrp': 137};"1. **Federal Reserve Interest Rate Decision**: The Federal Reserve's decision to hold interest rates steady has dampened hopes for further cuts and caused Bitcoin to drop from $69,900 to $68,000.

2. **Ethereum ETF Approval**: The U.S. Securities and Exchange Commission Chair Gary Gensler confirmed smooth progress toward summer approval for spot Ethereum ETFs.

3. **MicroStrategy Bitcoin Acquisition**: MicroStrategy announced plans to raise $500 million via convertible senior notes to fund its Bitcoin treasury and increase holdings.

4. **UwU Lend Security Breach**: The decentralized finance protocol UwU Lend suffered a $23 million security breach, leading the team to pause the platform until the investigation.

5. **Solana Consolidation**: Analysts suggest Solana is a good time to buy now, expecting a prolonged period of consolidation between $120 and $185 before a potential meteoric rally."
2024-06-14;{'ada': 14, 'btc': 746, 'eth': 306, 'sol': 28, 'xrp': 83};"1. **US Bitcoin Market Surpasses Offshore Markets**
   The US Bitcoin market is surpassing offshore global markets, signaling a major upcoming crypto trend.

2. **Telegram Scams Target Shiba Inu Users**
   Impersonators are targeting Shiba Inu users via fake Telegram accounts to steal funds by mimicking legitimate team members.

3. **Ethereum ETF Approval Expected in Summer**
   SEC Chair Gary Gensler confirmed that Ethereum spot ETFs could receive final approval in the summer.

4. **Bitcoin Price Targets Predicted at $1 Million**
   Analysts predict Bitcoin will hit $1 million and surpass $200,000 by 2025.

5. **Bitcoin ETF Outflows Signal Market Shift**
   Fidelity Investments sold over $106 million worth of Bitcoin, marking the second-largest outflow in history."
2024-06-15;{'ada': 9, 'btc': 532, 'eth': 223, 'sol': 52, 'xrp': 65};"1. **Bitcoin ETF Outflows and Price Correction**: Fidelity's FBTTC ETF recorded its largest daily outflow, causing Bitcoin to drop to $65,000 as institutional demand waned.
2. **Ethereum ETF Launch Date**: Analysts revised the Spot Ethereum ETF launch date to July 2nd, citing SEC feedback on S-1 filings.
3. **Whale Activity and Market Sentiment**: On June 11, whales purchased over $1.3 billion worth of Bitcoin, while earlier data showed significant miner offloading.
4. **MicroStrategy and Bitcoin Purchases**: The company confirmed a 40% increase in its convertible note offering, totaling $700 million for Bitcoin purchases.
5. **Toncoin and Market Trends**: Toncoin posted a 20% gain, contrasting with the broader market's volatility and miner capitulation."
2024-06-16;{'ada': 9, 'btc': 301, 'eth': 175, 'sol': 14, 'xrp': 58};"1. **Bitcoin & Mining:** Bitcoin's hashrate has broken its 18-month uptrend, potentially signaling miner capitulation.
2. **Ethereum:** Ethereum whale activity shows a shift from exchange to off-exchange private wallets.
3. **Garanti BBVA:** The Turkish bank has launched a crypto wallet service allowing BTC, Here is a concise summary of the provided text:

*   **Coinbase Bitcoin Reserves:** A 15% decline in Bitcoin reserves since February is attributed to increased outflows from spot ETF markets driven by heightened demand.
*   **Market Sentiment:** Bitcoin dipped to $65,000 following U.S. economic data, triggering a bearish sentiment. While altcoins showed resilience, Bitcoin remains the dominant payment method.
*   **Crypto Deposits:** TRM Analysts predict Bitcoin could reach $200,000 by 2025 and $1 million by 2033, driven by institutional demand and upcoming halvings. MicroStrategy is expected to see its stock rise to $2,890, leveraging its growing Bitcoin holdings and convertible debt strategy to capitalize on the asset's price surge. Bitcoin faced intense"
2024-06-17;{'ada': 19, 'btc': 529, 'eth': 245, 'sol': 37, 'xrp': 78};"1. **Market Sentiment:** The cryptocurrency market is experiencing heightened volatility and risk aversion, with long-term investors liquidating holdings.
2. **Bitcoin Price:** Bitcoin is currently trading in a tight range between $65,500 and $67,000 amid uncertainty following the Spot ETH ETF approval.
3. **Ethereum Performance:** Ethereum is showing signs of a potential bull rally, with price drops of over 3% recently and a potential rebound driven by whale accumulation.
4. **Institutional Adoption:** The introduction of Spot Ethereum ETFs is expected to drive a bullish trend for major players like Bitcoin and Ethereum.
5. **Halving Impact:** Bitcoin's average mining cost has recently surpassed its price, a trend driven by the Halving event which cut block rewards in half."
2024-06-18;{'ada': 23, 'btc': 704, 'eth': 283, 'sol': 64, 'xrp': 125};"1. **Bitcoin ETF Outflows and Market Sentiment**
   Despite promising inflows, Bitcoin ETFs have sparked cautious interest among investors and financial advisors due to macroeconomic data and institutional outflows.

2. **Bitcoin Price Volatility and Support Levels**
   Bitcoin has experienced significant volatility, dropping to one-month lows around $64,000-$65,000, with analysts warning of potential further declines to $60,000.

3. **MicroStrategy and Bitcoin Valuation**
   MicroStrategy's stock has decoupled from its Bitcoin holdings, signaling overvaluation of its software business despite its cash-flow positive status.

4. **XRP and Ripple Market Dynamics**
   Ripple (XRP) has gained momentum, while the broader crypto market is seeing significant declines across major assets like Bitcoin and Solana.

5. **Ethereum and Altcoin Performance**
   Ethereum is struggling to break $4,000, though emerging Layer 1s like Solana and Cardano are expected to grow as Bitcoin hovers near $65,500."
2024-06-19;{'ada': 39, 'btc': 600, 'eth': 491, 'sol': 64, 'xrp': 153};"1. **ETF Approval and Regulatory Shifts**: The U.S. SEC has closed investigations into Ethereum 2.0 and is now seeking clarity on whether MetaMask and staking violate securities regulations, marking a pivotal moment for the industry.

2. **Bitcoin Price Volatility**: Bitcoin is experiencing significant sell-offs and price pressure, dropping to monthly lows around $64,000 while facing outflows from spot ETFs and a sharp 10% pullback after interim highs.

3. **Whale Activity and Market Sentiment**: Major investors are cashing out, with whale wallets selling over $1.2 billion in the past two weeks, signaling a shift in investor confidence and a potential short-term market recovery.

4. **Institutional Investment and ETF Filings**: Providers like Bitwise have updated their S-1 filings with seed investments, and Pantera Capital announced a $100 million investment in Ethereum contingent on the launch of Bitwise, indicating growing institutional interest.

5. **Altcoin Performance and Technical Analysis**: While Bitcoin and Ethereum are consolidating, altcoins like Dogecoin and Cardano are showing strong bullish signals with negative MVRV ratios, suggesting they are undervalued and"
2024-06-20;{'ada': 2, 'btc': 820, 'eth': 385, 'sol': 108, 'xrp': 158};"1. **Binance Launches HODLer Airdrop for BNB Users**
Binance is launching an HODLer Airdrop for BNB users who subscribe to Simple Earn, offering tokens from high-supply projects launching soon.

2. **Bitcoin Price Consolidation and Resistance**
Bitcoin is currently consolidating above the $64,000 level, trading below the $65,500 zone and the $65,400 hourly resistance.

3. **Ethereum Regulatory Update**
The U.S. SEC has formally closed its investigation into Ethereum 2.0, marking a significant regulatory victory for the Ethereum ecosystem.

4. **MicroStrategy Bitcoin Holdings**
MicroStrategy has purchased an additional 11,931 BTC for approximately $786 million, expanding its holdings to over 226,000 tokens.

5. **Solana Market Outlook**
Analysts view Solana as the ""world's best casino,"" noting that while inflows drove its peak valuation, outflows are equally painful."
2024-06-21;{'ada': 14, 'btc': 779, 'eth': 319, 'sol': 37, 'xrp': 133};"1. **Binance Fine**: Binance received a $2.25 million penalty from India's FIU for alleged money laundering.
2. **Winklevoss Donations**: Tyler and Cameron Winklevoss donated 15.47 BTC each to Trump, totaling over $2 million.
3. **Market Concerns**: Bitcoin faces downward pressure as its correlation with traditional stock markets increases.
4. **Miner Reserves**: Bitcoin miner reserves dropped to 1.81 million BTC, marking the lowest level in over 14 years.
5. **ETF Flows**: Spot Bitcoin ETFs saw significant outflows, with Grayscale withdrawing $53 million."
2024-06-22;{'ada': 10, 'btc': 498, 'eth': 224, 'sol': 26, 'xrp': 84};"1. **Bitcoin Price Correction**: Bitcoin is experiencing a significant price decline, dropping below $64,000 and approaching $60,000, driven by ETF outflows and miner sell-offs.
2. **ETF Approval Milestone**: The SEC's approval of Spot Ethereum ETFs marks a major institutional adoption milestone, with BlackRock and Fidelity showing strong interest.
3. **Institutional Adoption**: Major financial institutions like BlackRock and Fidelity are filing updated ETF applications, signaling a shift toward institutional interest in the crypto market.
4. **Market Volatility**: The cryptocurrency market is characterized by significant volatility, with Bitcoin hovering around $64,000 while altcoins show mixed performance.
5. **Regulatory Uncertainty**: Legal challenges involving the SEC and Ripple continue to create uncertainty, with critics suggesting the government is weaponizing against the crypto industry."
2024-06-23;{'ada': 9, 'btc': 330, 'eth': 186, 'sol': 15, 'xrp': 61};"1. **Ethereum (ETH) and Bitcoin (BTC) Price Volatility**: Recent market data shows Bitcoin trading around $64,000 while Ethereum's value is rising due to ETF applications and increased wallet activity.
2. **Market Sentiment and Analyst Predictions**: Analysts like Raoul Pal and Michael Saylor predict a bullish cycle, while others warn of potential drawdowns and a bearish trend.
3. **Security Incidents and Platform Issues**: A high-ranking MakerDAO delegate suffered a $11 million loss via a phishing scam, and CoinStats temporarily halted user activity following a security breach.
4. **Token Performance and Meme Coins**: Dogecoin lost value following the Bitcoin drop, while Raboo ($RABT) is identified as the top pick for high profits among other tokens.
5. **Regulatory and Institutional Developments**: New SEC guidelines require VASPs to comply with digital asset regulations within 30 days, and Grayscale's discount value for the Ethereum Trust plummeted to a record low of 1%."
2024-06-24;{'ada': 11, 'btc': 872, 'eth': 320, 'sol': 49, 'xrp': 80};"1. **Bitcoin Price Correction**: Bitcoin has dropped below $60,000, triggering significant market liquidations and a sharp decline in market capitalization.
2. **Mt. Gox Impact**: The defunct exchange Mt. Gox announced a $9 billion repayment to creditors, which contributed to the recent bearish trend and price drops.
3. **Institutional Outflows**: Crypto investment products saw $630 million in outflows last week, driven by the Federal Reserve's interest rate decision and investor pessimism.
4. **Ethereum ETF Speculation**: The upcoming launch of US Spot Ethereum ETFs is expected to spark concerns about market impact and potential sell-offs.
5. **Market Volatility**: The crypto market recently saw a ""bloodbath"" with a 3.2% rise in the TOTAL index, wiping out $72 billion and causing over $160 million in liquidations."
2024-06-25;{'ada': 30, 'btc': 934, 'eth': 278, 'sol': 61, 'xrp': 65};"1. **Bitcoin ETF Outflows:** Spot Bitcoin ETFs have experienced massive outflows, with total outflows reaching $174.5 billion on June 24, coinciding with Bitcoin hitting lows.

2. **Mt. Gox Distribution:** Analysts predict the Mt. Gox distribution event will cause a significant price drop in Bitcoin, attributed to fears of repayments and the ongoing depreciation of the US dollar.

3. **Market Sentiment Shift:** Investor sentiment is shifting toward Bitcoin, with a notable shift from greed to neutrality as the price dipped below $61,000.

4. **Ethereum ETF Approval:** An Ethereum ETF approval has sparked market excitement, potentially boosting ETH and SOL while causing short-term declines in BTC.

5. **Institutional Liquidations:** Massive liquidations occurred in the last 24 hours, with over $191 million in derivatives contracts removed, driven by volatility and institutional exits."
2024-06-26;{'ada': 9, 'btc': 988, 'eth': 362, 'sol': 38, 'xrp': 83};"1. **Bitcoin Price Volatility and Technical Levels**: Bitcoin is currently trading near $61,000, facing resistance at $62,500 and $63,000, with analysts predicting a potential rebound to $65,000 if the level is breached.

2. **Regulatory Progress and ETF Approvals**: The U.S. SEC Chair Gary Gensler confirmed the approval process for Spot Ethereum ETFs is proceeding smoothly, while U.S. spot Bitcoin ETFs have seen significant net inflows, signaling institutional re-entry.

3. **Market Sentiment and Investor Behavior**: Despite recent drops, large holders are accumulating Bitcoin amid downturns, and optimistic forecasts exist for Ethereum ETFs, with some experts viewing Bitcoin as a high-performing asset.

4. **Institutional Inflows and ETF Activity**: U.S. spot Bitcoin ETFs recorded a net inflow of $31 million, while U.S. spot Ethereum ETFs are expected to attract $15 billion in net inflows over their first 18 months after SEC approval.

5. **Political and Legal Risks**: The U.S. government transferred nearly 4,000 BTC to"
2024-06-27;{'ada': 18, 'btc': 778, 'eth': 246, 'sol': 63, 'xrp': 76};"1. **US Spot Bitcoin ETFs**
   The US spot Bitcoin ETFs recorded a net inflow of $21.52 million, with Fidelity's FBTC leading at $19 million.

2. **Government Bitcoin Sales**
   The U.S. government transferred approximately $241 million of Bitcoin to Coinbase, while the German government sold ~2,786 BTC.

3. **Ethereum ETF Approval**
   The SEC is expected to approve spot Ethereum ETFs around July 4, 2024, potentially bringing in up to $15 billion in net inflows.

4. **Kaspa Mining Expansion**
   Marathon Digital has expanded into the Kaspa mining sector, surpassing Coinbase in transaction volume and targeting European and Russian users.

5. **CleanSpark Merger**
   CleanSpark announced a $155 million acquisition of GRIID Infrastructure to consolidate Bitcoin mining capabilities amid the sector's lower revenue trend."
2024-06-28;{'ada': 13, 'btc': 715, 'eth': 282, 'sol': 161, 'xrp': 58};"1. **ETF Developments**: BlackRock and VanEck have filed spot ETF applications for Bitcoin and Solana, signaling institutional adoption.
2. **Market Volatility**: Bitcoin faces a potential decline near the $60,000 support level amid reduced miner selling pressure.
3. **Regulatory Actions**: The U.S. SEC has intensified scrutiny on Ethereum staking services and is suing Consensys.
4. **Whale Activity**: An anonymous Bitcoin whale moved 1,000 BTC to Coinbase, increasing its value.
5. **Market Outlook**: Analysts predict significant price increases for Ethereum and Solana if Bitcoin hits $325K."
2024-06-29;{'ada': 8, 'btc': 556, 'eth': 259, 'sol': 74, 'xrp': 85};"1. Bolivia lifted its 4-year crypto ban to modernize its payment system.
2. Bitcoin's price fluctuates near $60,000 amid concerns about miner relocation and regulatory shifts.
3. The SEC sued MetaMask, causing a sharp drop in Bitcoin and Lido following the lawsuit against Consensys.
4. Spot Ethereum ETFs are expected to drive Ethereum's price to $6,500 by late 2024.
5. Bitcoin's market dominance may be weakening, signaling the end of the current bull run."
2024-06-30;{'ada': 5, 'btc': 400, 'eth': 157, 'sol': 18, 'xrp': 67};"1. **Bitcoin ETF Approval and Market Sentiment**
   The text indicates that while the SEC is preparing to share its verdict on Spot Ethereum ETF applications, the broader market is anticipating a potential rally to new highs driven by reduced sell-side pressure and positive regulatory updates.

2. **Bitcoin Halving Impact and Miner Performance**
   Following the April halving, Bitcoin price has been sideways with social media bullishness declining, while Marathon Digital emerged as the least impacted miner post-Halving due to its strategic vertical integration and proprietary tech stack.

3. **Ethereum ETF Regulatory Uncertainty**
   Despite initial excitement, the lack of clarity and recent regulatory snafu indicate that the market may face a bumpy ride, with Ethereum co-founder Vitalik Buterin criticizing current regulations as an ""anarcho-tyranny.""

4. **Solana Market Share and DEX Volume**
   Solana surpassed Ethereum in daily DEX trading volume, signaling a significant market shift, while Ethereum DEX volumes exceeded L2 DEX volumes in 2024, with Ethereum's share of Total Value Locked (TVL) roughly where it was at the beginning of the year.

5. **Corporate Adoption"
2024-07-01;{'ada': 12, 'btc': 668, 'eth': 333, 'sol': 34, 'xrp': 73};"1. **Bitcoin Price Surge**: Bitcoin reached a high of $63,787, driven by higher trading volume and a 4% price jump from June's lows.
2. **ETF Inflows and Institutional Interest**: Spot Bitcoin ETFs reversed from outflows to net inflows of $31 million, signaling institutional interest and potential price increases.
3. **Mt. Gox Repayment**: The Mt. Gox repayment of approximately $9 billion is expected to cause significant market implications and potential volatility.
4. **Ethereum Gas Fee Reduction**: Ethereum recorded its lowest average gas fees since November 2016, with transaction volumes surging due to network upgrades.
5. **Market Sentiment and Whale Activity**: Crypto whales are reportedly dumping ETH to invest in the ETFSwap ecosystem, while Bitcoin faces resistance near $65,000."
2024-07-02;{'ada': 4, 'btc': 810, 'eth': 236, 'sol': 40, 'xrp': 79};"1. **Ethereum ETF Inflows**: US spot Bitcoin ETFs reported $129.45 million in net inflows on Monday, marking the fifth consecutive day of positive flows.
2. **Bitcoin Price Range**: Bitcoin is expected to settle in a $58k–$73k range rather than topping out, trading on a daily chart.
3. **German Government Transactions**: German authorities transferred approximately $17.64 million (282.74 BTC) to major exchanges, following a pattern of selling assets.
4. **Market Sentiment**: Crypto sentiment is battered, with popular altcoins (e.g., Solana, Dogecoin) down 30-45% from highs.
5. **ETF Catalyst**: The upcoming Ethereum ETF launch could act as a catalyst for further adoption or a reshuffling of existing investments."
2024-07-03;{'ada': 45, 'btc': 905, 'eth': 379, 'sol': 44, 'xrp': 70};"1. **Bitcoin Price Volatility and Market Sentiment**: Bitcoin is currently trading near $60,000, experiencing significant volatility with a 3% drop in the last 24 hours, driven by whale movements and Mt. Gox repayments.
2. **ETF Approval Expectations**: The U.S. SEC is set to approve Ethereum ETFs as early as July 4th, following discussions with major asset managers like BlackRock and Grayscale.
3. **Institutional Buying and Whale Activity**: Despite recent declines, institutional investors are capitalizing on dips, with one whale purchasing $70 million worth of BTC, while whale activity has increased across various altcoins.
4. **Ethereum Fee Revenue and Network Growth**: Ethereum generated $2.73 billion in fees, the highest in the industry, while dApp volume surged 92% despite a decrease in unique active wallets.
5. **Market Outlook and Regulatory Risks**: Analysts warn that Bitcoin may not reclaim critical support levels until Michael Saylor reaffirms his bullish stance, while the broader market faces risks from regulatory changes and security breaches."
2024-07-04;{'ada': 17, 'btc': 1014, 'eth': 405, 'sol': 51, 'xrp': 98};"1. **Layer 2 & ZK-Rollups**: Layer 2 solutions are advancing with rollups accelerating throughput, offering faster finality and enhanced security compared to traditional Optimistic Rollups.

2. **Bittensor Incident**: The AI-focused project Bittensor was forced to halt its network following a series of wallet hacks, with private key issues identified as the cause.

3. **Bitwise ETF**: Bitwise submitted an amended S-1 for the Ethereum ETF ahead of the launch deadline, signaling potential imminent listings.

4. **Crypto Market**: The market saw significant price contraction in Q2, with only three of the top 50 tokens performing positively.

5. **Solana**: Solana experienced the worst performance among the top 50 tokens, dropping below the $60,000 support level."
2024-07-05;{'ada': 27, 'btc': 1346, 'eth': 300, 'sol': 44, 'xrp': 97};"1. **Bitcoin Price Downturn and Market Volatility**
   Bitcoin has experienced a significant decline, dropping below $55,000 and even reaching $53,500, driven by selling pressure from government holdings and large ""whales"" following the Mt. Gox exchange's distribution.

2. **Mt. Gox Exchange Payouts and Liquidations**
   The defunct exchange Mt. Gox began paying out creditors in Bitcoin, triggering a massive liquidation event that wiped out billions in assets and caused Ethereum to drop below $3,000.

3. **German Government Bitcoin Sales**
   The German government sold approximately $175 million in Bitcoin on July 4th, while the UK High Court froze Craig Wright's assets to assist Peter McCormack amid legal tensions.

4. **US Non-Farm Employment Data Impact**
   The U.S. non-farm payroll for May exceeded expectations at 206,000, triggering a sharp drop in Bitcoin's price as the market reacted to the data amidst heightened market fear.

5. **Ethereum and Shiba Inu Price Drops**
   Ethereum dropped to $2,"
2024-07-06;{'ada': 18, 'btc': 560, 'eth': 173, 'sol': 30, 'xrp': 57};"1. **German Government Bitcoin Sales**: A lawmaker criticized the government's decision to sell Bitcoin holdings, sparking debate over cryptocurrencies as strategic assets.

2. **Mt. Gox Repayment Impact**: The repayment of $8.55 billion to creditors by the defunct Mt. Gox exchange is driving selling pressure and causing significant downturns in the cryptocurrency market.

3. **Ethereum Price Decline**: Ethereum has seen a significant decline, with the price dropping below $54,000 and altcoins experiencing double-digit losses.

4. **Bitcoin Support Levels**: Analysts suggest Bitcoin is testing critical support levels near $54,000-$56,000, with potential for a long-term bull market if it breaks through.

5. **ETF Inflows and Market Recovery**: Spot Bitcoin ETFs saw a sharp rebound in inflows following the July 4 holiday, reversing earlier outflows and signaling a potential market recovery."
2024-07-07;{'ada': 3, 'btc': 421, 'eth': 96, 'sol': 16, 'xrp': 42};"1. **Legal & Regulatory Developments**: The Roaring Kitty fraud lawsuit was voluntarily dropped, and Circle became the first stablecoin issuer to comply with the MiCA regulation.
2. **Bitcoin Market Volatility**: Bitcoin experienced a significant decline, dropping 20.4% from $71,000 to just over $56,000, with short-term traders cutting losses amid a bear market.
3. **Ethereum & Vitalik Buterin**: Ethereum co-founder Vitalik Buterin donated 100 ETH to the 2077 Collective and transferred 99.9% of his ETH to a multi-signature contract.
4. **Government Actions & Whale Activity**: The German government sold 700 BTC (valued at ~$40.47M), and approximately $2.4 billion of Bitcoin aged 3–6 months moved on the network.
5. **Market Outlook & ETFs**: Analysts anticipate a potential return to $60,000 for Bitcoin, while the spot Ethereum ETF is expected to begin trading within the next two weeks."
2024-07-08;{'ada': 16, 'btc': 870, 'eth': 360, 'sol': 32, 'xrp': 73};"1. **Bitcoin Price Action**: Bitcoin is currently trading below the $56,000 support level, with the 100-hour SMA acting as resistance.
2. **Market Outlook**: The price may struggle to break above the $58,000 resistance zone, with the 200-day EMA acting as a key level.
3. **German Government Sales**: The German government sold 1,000 Bitcoin (worth ~$55.8 million) to exchanges like Coinbase and Bitstamp, contributing to a 20% price drop.
4. **Whale Activity**: Recent market trends show significant BTC offloads, with analysts noting that over 3.19 million BTC signals a potential rally.
5. **ETF Approval Expectations**: Experts anticipate the U.S. SEC will approve the spot Ethereum ETF within the next two weeks, potentially triggering a price increase."
2024-07-09;{'ada': 7, 'btc': 995, 'eth': 391, 'sol': 100, 'xrp': 80};"1. **Bitcoin Price Volatility and Government Sales**: Bitcoin has experienced significant price drops, with the German government selling over $1 billion worth of assets and the Mt. Gox liquidation event causing sharp declines.

2. **ETF Filings and Institutional Adoption**: Major financial institutions including BlackRock, Fidelity, and VanEck have filed S-1 amendments for Spot Bitcoin and Spot Ethereum ETFs, signaling strong institutional interest.

3. **Ethereum ETF Approvals and Market Sentiment**: The SEC is expected to approve Spot Ethereum ETFs by July 18th, while the broader crypto market shows signs of recovery despite bearish technical indicators.

4. **Mining Difficulty and On-Chain Metrics**: Bitcoin mining difficulty has dropped significantly, and on-chain data shows a 10% monthly decline in volume, reflecting a shift in market sentiment.

5. **Token Unlock Risks and L2 Ecosystem Growth**: Upcoming token unlocks are expected to increase supply pressure, while Layer 2 (L2) blockchain activity has surged, contrasting with the price performance of L2 tokens."
2024-07-10;{'ada': 19, 'btc': 1047, 'eth': 360, 'sol': 54, 'xrp': 100};"1. **Bitcoin ETF Inflows**: U.S. spot Bitcoin ETFs recorded significant net inflows, with BlackRock's IBIT ETF leading at $121.03 million.
2. **German Bitcoin Liquidations**: The German government sold approximately 4,700 BTC, liquidating holdings worth $342 million.
3. **Mt. Gox Repayments**: Creditors from the defunct Mt. Gox exchange are expected to sell their holdings methodically rather than causing a massive sell-off.
4. **Whale Activity**: A dormant Bitcoin address holding 48 BTC ($2.57M value) was activated after 13 years of inactivity.
5. **Market Sentiment**: Analysts suggest a potential price surge to $100,000 by year's end, driven by upcoming U.S. crypto-political events."
2024-07-11;{'ada': 8, 'btc': 942, 'eth': 292, 'sol': 31, 'xrp': 100};"1. **Bitcoin Price Analysis**: Bitcoin is currently trading around $58,119, facing resistance above $60,000 and a potential drop to $50,000 if it fails to hold.
2. **German Government Sell-off**: Germany sold approximately $141 million worth of Bitcoin to exchanges like Coinbase and Kraken, with the government holding the most Bitcoin holdings.
3. **ETF Flows and Inflows**: U.S. spot Bitcoin ETFs recorded their fourth consecutive day of inflows, with Fidelity's FBTC leading at $57.79 million.
4. **Institutional Interest**: Standard Chartered is reportedly interested in acquiring a digital asset business backed by hedge fund manager Alan Howard.
5. **Market Outlook**: Analysts predict Bitcoin could reach an all-time high before March 2025, driven by anticipated Fed rate cuts and cooling CPI data."
2024-07-12;{'ada': 59, 'btc': 827, 'eth': 308, 'sol': 52, 'xrp': 98};"1. **MicroStrategy Stock Split**: MicroStrategy announced a 10-for-1 stock split to increase accessibility.
2. **German Bitcoin Holdings**: The German government sold its Bitcoin holdings, reducing its balance from 9,094 BTC to 18% of its former size.
3. **SEC Regulatory Action**: The U.S. SEC dropped its investigation against Hiro Systems, a developer for the Bitcoin Layer-2 network Stacks.
4. **XRP Benchmark Integration**: CME Group and CFBenchmarks announced a new collaboration to include XRP dollar reference rates and real-time indices in their benchmark suite.
5. **Market Sentiment**: The Crypto Fear & Greed Index hit its lowest point since November 2022, signaling ""Extreme Fear."""
2024-07-13;{'ada': 13, 'btc': 631, 'eth': 212, 'sol': 36, 'xrp': 85};"1. **German Government Bitcoin Liquidation**: The German government sold 50,000 BTC, triggering a significant market sell-off and price retracement.
2. **Institutional ETF Inflows**: BlackRock and Fidelity recorded massive weekly inflows into Spot Bitcoin ETFs, signaling strong institutional interest.
3. **Crypto Fear and Greed Index**: The CFIG scored 25 out of 100, indicating extreme fear sentiment among investors.
4. **Bitcoin Price Rebound**: Despite recent dips, Bitcoin has rebounded from a low of $54,430 to a higher level.
5. **Shiba Inu Market Activity**: Shiba Inu is seeing significant activity as investors accumulate tokens amid rising interest."
2024-07-14;{'ada': 8, 'btc': 399, 'eth': 143, 'sol': 26, 'xrp': 56};"1. **DeFi Protocol Dough Finance Lost $1.8 Million**
   A flash loan attack by the attacker using the zero-knowledge protocol Railgun resulted in the loss of $1.8 million in digital assets for the Decentralized Finance protocol Dough Finance.

2. **India Allocates $1.2 Billion to COVID-19 Relief**
   The Indian government allocated $1.2 billion to COVID-19 relief efforts, highlighting its commitment to solving real-world problems and driving market sentiment.

3. **Bitcoin ETFs See Increased Inflows**
   Bitcoin ETFs saw increased inflows due to macro and industry factors, contributing to institutional demand and price surges.

4. **Bitcoin Surges Past $60,000 Following Trump Assass Attempt**
   Bitcoin surged to over $60,000 following a failed assassination attempt on Donald Trump, marking a significant bullish reversal in the market.

5. **Ethereum Shows Signs of Recovery After Sell-Off**
   Ethereum demonstrated remarkable resilience, staying above $3,000 despite broader volatility, with experts anticipating a potential $5,000 milestone."
2024-07-15;{'ada': 10, 'btc': 854, 'eth': 280, 'sol': 69, 'xrp': 96};"1. **Bitcoin Price Surge**: Bitcoin has rebounded from a $60k dip to $63k, driven by renewed institutional buying interest and a shift in investor sentiment toward Ethereum and altcoins.
2. **Institutional Inflows**: BlackRock's iShares Bitcoin Trust led at $120M, followed closely by Fidelity's Wise Origin Bitcoin Fund ($115M) and Bitwise ($28.4M).
3. **Historic Wallet Transfer**: A dormant wallet established in 2012 moved 1,0 Bitcoin, trading at $62,186 with a 4.67% gain in the past 24 hours.
4. **Ethereum Rebound**: Ethereum is showing signs of a potential rebound, having reclaimed the $3,000 level and targeting the next resistance zone.
5. **Market Sentiment**: The crypto market is experiencing a resurgence, with Bitcoin surging past the $62,000 mark and Ethereum breaking through the $3,300 resistance level."
2024-07-16;{'ada': 6, 'btc': 977, 'eth': 376, 'sol': 80, 'xrp': 88};"1. **Bitcoin Price Surge:** Bitcoin has surged past $64,000 following reports of an assassination attempt on Donald Trump and institutional inflows.
2. **Ethereum ETF Launch:** The upcoming launch of spot Ethereum ETFs is expected to drive significant market activity and price increases.
3. **Institutional Adoption:** Major financial firms like BlackRock and MicroStrategy are increasing their Bitcoin holdings and ETF allocations.
4. **Meme Coin Activity:** Meme coins such as Pepe (PEPE) and Dogwifhat (WIF) have seen massive gains, with PEPE rising nearly 800%.
5. **Market Sentiment:** The crypto market is experiencing heightened volatility and optimism, with FOMO indices hitting 65%."
2024-07-17;{'ada': 8, 'btc': 793, 'eth': 383, 'sol': 69, 'xrp': 156};"1. **Stripe Expansion**: Stripe plans to expand crypto integration in the EU, allowing customers to use credit/debit cards to buy Bitcoin, Ethereum, and Solana.

2. **Craig Wright Case**: British High Court Judge James Mellor ruled that Craig Wright was not Satoshi Nakamoto and perjured himself by forging documents.

3. **Bullish Scenario**: If the price holds above $0.016, it could rally to $0.01731 and $0.01846.

4. **Bearish Scenario**: If the price breaks below $0.016, the price could drop significantly.

5. **Bitcoin Market Analysis**: Bitcoin is experiencing a resurgence, climbing back to $63.3K, driven by the near-assassination of former President Trump."
2024-07-18;{'ada': 48, 'btc': 908, 'eth': 398, 'sol': 64, 'xrp': 165};"1. **Spot Bitcoin ETF Inflows Surge**
   Daily inflows into Spot Bitcoin ETFs reached $422.67 million in a single day, hitting a six-week high.

2. **Trump's Influence on Crypto**
   Donald Trump's increasing embrace of crypto and potential designation as a strategic reserve asset have sparked debate among policymakers and analysts.

3. **Ethereum ETF Filings and Market Outlook**
   Major investment giants are updating their S-1 filings for Spot Ethereum ETFs, signaling potential July 23 trading launches.

4. **Vitalik Buterin's Warning**
   Vitalik Buterin warned the crypto community that voting for politicians solely based on their ""pro-crypto"" stance carries high risk.

5. **WazirX Security Breach**
   The Indian exchange WazirX suffered a massive theft, resulting in the unauthorized transfer of over $230 million from its Safe Multisig wallet."
2024-07-19;{'ada': 20, 'btc': 701, 'eth': 422, 'sol': 39, 'xrp': 128};"1. **Bitcoin Price Correction and Market Volatility**: Bitcoin is currently trading around $64,000–$63,000, experiencing a significant drop following the Mt. Gox hack and German government sales, with analysts predicting a potential rebound to $107,000.

2. **Donald Trump's Endorsement and Political Speculation**: Donald Trump is hosting a private roundtable at the Bitcoin Conference 2024 in Nashville for $844,600 and $60,000, signaling a shift in the Republican Party's stance toward cryptocurrency and sparking speculation about his potential endorsement.

3. **Grayscale Fee Reduction and ETF Inflows**: Grayscale reduced the management fee for its Spot Ethereum Mini ETF from 0.25% to 0.15%, while BlackRock's IBIT ETF recorded over $100 million in inflows, signaling potential approval for the July 23 launch.

4. **WazirX Security Breach and Exchange Liquidations**: The Indian exchange WazirX suffered a $230 million security breach attributed to the Lazarus group, resulting in losses of over $10"
2024-07-20;{'ada': 17, 'btc': 498, 'eth': 243, 'sol': 34, 'xrp': 62};"1. **Ethereum ETF Launch**: Five spot Ethereum ETFs are set to begin trading on July 23, 2024, marking a significant milestone for institutional adoption.
2. **Bitcoin Price Surge**: Bitcoin has surged past $67,000, driven by institutional inflows and optimism following the German sell-off.
3. **Mt. Gox Repayments**: The Mt. Gox trustee holds significant reserves, creating uncertainty as the network generates approximately 450 BTC daily.
4. **Institutional Adoption**: Major asset managers like Fidelity and BlackRock are expanding their digital asset offerings, signaling strong market confidence.
5. **Market Outlook**: Analysts predict a potential price surge for Bitcoin to $100,000 by the end of 2024, supported by political and economic factors."
2024-07-21;{'ada': 2, 'btc': 424, 'eth': 163, 'sol': 31, 'xrp': 64};"1. **Bitcoin ETF Inflows**: A historic surge of $18 billion occurred in four days, driven by strong institutional confidence and a potential all-time high rally.
2. **Ethereum ETF Launches**: Five spot Ethereum ETFs are set to begin trading on the Chicago Board Options Exchange, coinciding with significant whale withdrawal activity.
3. **Market Volatility Factors**: The crypto market is experiencing volatility due to the anticipated launch of new ETFs and President Biden's announcement that he will not run for re-election.
4. **Bitcoin Price Action**: Bitcoin's price has fluctuated significantly, ranging from a low of $65,810 to a high of $80,000, influenced by ETF inflows and political developments.
5. **Meme Coin Activity**: Meme coins like MOONHOP have gained attention for their high supply and projected price growth, while Bitcoin's value remains a key focus for investors."
2024-07-22;{'ada': 24, 'btc': 930, 'eth': 403, 'sol': 73, 'xrp': 102};"1. **Bitcoin ETF Inflows and Market Sentiment**: Recent data shows significant institutional inflows, with $1.35 billion in investment product inflows last week, reflecting strong bullish sentiment and anticipation of upcoming spot ETF launches.

2. **Ethereum ETF Launches and Institutional Adoption**: The market is bracing for the launch of the Spot Ethereum ETF on July 23, with Grayscale's new ""mini trust"" product offering a competitive fee structure to attract institutional investors.

3. **Political Shifts and Bitcoin Price Action**: President Joe Biden's withdrawal from the 2024 election has triggered a sharp Bitcoin decline followed by a recovery, while speculation of Donald Trump's potential victory is driving further price increases.

4. **Mt. Gox Creditor Repayments and Exchange Activity**: The collapsed exchange Mt. Gox is preparing to reimburse creditors, coinciding with the launch of the Spot Ethereum ETF, while other exchanges like Binance and Bitstamp are active in the market.

5. **Whale Activity and On-Chain Metrics**: Major investors and corporations like Metaplanet have increased their Bitcoin holdings by 20%, acquiring approximately 20.381 BTC, which align"
2024-07-23;{'ada': 5, 'btc': 320, 'eth': 1087, 'sol': 66, 'xrp': 118};"1. **Spot Ethereum ETFs Approved**: The U.S. Securities and Exchange Commission has officially approved the launch of nine spot Ethereum ETFs, marking a major milestone for the cryptocurrency market.

2. **Institutional Adoption**: Major asset managers including BlackRock, Grayscale, and Bitwise are launching funds to bring billions of dollars into the ecosystem, signaling strong institutional interest.

3. **Market Volume Surge**: Trading volume for the new ETFs exceeded $100 million within the first 15 minutes of listing, significantly surpassing expectations and initial pace figures.

4. **Price Volatility**: Despite the approval, the market experienced significant intraday volatility, with prices peaking near $3,540 before dropping to $3,406 following the initial launch.

5. **Fee Waivers and Strategy**: Several funds will initially charge no fees for the first six months, while others like the Grayscale Mini Trust offer a 0.15% fee for a 6-month period to attract investors."
2024-07-24;{'ada': 7, 'btc': 248, 'eth': 567, 'sol': 52, 'xrp': 89};"1. **Ethereum ETF Launch Impact**: The launch of nine spot Ethereum ETFs generated over $1 billion in trading volume on the first day, with BlackRock's iShares ETH ETF leading inflows of $266.55 million.
2. **Mt. Gox Creditor Payouts**: Mt. Gox distributed $2.85 billion to creditors via Kraken and Bitstamp, causing Bitcoin to drop nearly 4% after the transfer.
3. **Bitcoin Price Correction**: Following the Mt. Gox payout, Bitcoin dropped nearly 4% after the transfer, while the price of Ethereum remained largely flat despite the ETF launch.
4. **Solana and Cardano Performance**: Analysts forecast a massive return on investment for Solana investors, while Cardano is showing strong growth with nearly 100 million transactions completed.
5. **Market Volatility and Regulatory Shift**: The U.S. SEC approved spot Ethereum ETFs, marking a pivotal moment, while Bitcoin faces headwinds from exchange inflows and the upcoming ETF launch."
2024-07-25;{'ada': 45, 'btc': 267, 'eth': 590, 'sol': 33, 'xrp': 90};"1. **Ethereum ETF Launch Impact**: The launch of spot Ethereum ETFs triggered a significant market sell-off, with Ethereum dropping nearly 10% despite initial high expectations.
2. **Whale Activity and Accumulation**: Recent reports indicate that Donald Trump has successfully raised over $4 million in crypto donations, with the majority coming from Bitcoin, Ethereum, XRP, and USDC.
3. **Liquidation Surge**: A recent report noted that billions in Ether have been withdrawn from restaking protocols, triggering a massive surge in liquidations.
4. **Market Volatility and Corrections**: The crypto market has experienced a sharp downturn, with Bitcoin falling nearly 2% after briefly surging to $67,000.
5. **Regulatory and Institutional Sentiment**: Despite the launch of spot Ethereum ETFs, the cryptocurrency market has faced a significant downturn, with investors viewing the ETF launch as a sell signal."
2024-07-26;{'ada': 13, 'btc': 198, 'eth': 353, 'sol': 56, 'xrp': 72};"1. **Ethereum ETF Inflows and Outflows**: Spot Ethereum ETFs have seen mixed results with Grayscale's ETHE fund experiencing significant outflows while others saw net inflows.
2. **Bitcoin Price Surge**: Bitcoin has surged to $67,000, marking a 2.3% drop from Wednesday's price and breaking previous resistance levels.
3. **Ethereum Price Decline**: Ethereum has dropped significantly, dropping below $4,200 due to massive outflows from the Grayscale ETH fund and Mt. Gox distribution.
4. **Solana and XRP Market Activity**: Solana is showing signs of strength with analysts predicting a new all-time high, while XRP is expected to reach triple-digit potential.
5. **Crypto Market Recovery**: The broader crypto market is showing signs of recovery with Bitcoin and Ethereum making significant price moves despite ETF launch challenges."
2024-07-27;{'ada': 9, 'btc': 491, 'eth': 218, 'sol': 46, 'xrp': 99};"1. **ETF Flows and Market Reaction**: Spot Ethereum ETFs saw significant outflows, while Grayscale's ETHE fund recorded a massive $356.26 million offloading, marking a rocky start for the initial launch.

2. **Price Targets and Resistance Levels**: Analysts predict Bitcoin could reach $70,000 to $80,000, with the $72,000 level identified as a major resistance point ahead of Donald Trump's upcoming speech.

3. **Political Influence and Donations**: Donald Trump raised $100 million in crypto donations during his re-election campaign, with the Bitcoin Conference serving as a major fundraising event.

4. **Institutional Adoption and Reserve Holdings**: Grayscale holds large BTC reserves, and the US Commodity Futures Trading Commission secured a $31 million fine against investor Abner Alejandro Tinoco for fraud related to his Kikit & Mess Investments LLC.

5. **Corporate and Government Commitments**: The US SEC approved Grayscale's Bitcoin Mini Trust ETF, while the US Commodity Policy Group advises the UK against selling its 61,000 bitcoins."
2024-07-28;{'ada': 24, 'btc': 528, 'eth': 126, 'sol': 18, 'xrp': 62};"1. **Grayscale Ethereum ETF Outflows**: Grayscale's ETHE spot Ethereum ETF recorded massive outflows of $1.5 billion after a $356 million drop on July 26.
2. **Donald Trump's Crypto Stance**: Former President Donald Trump pledged to fire SEC Chair Gary Gensler and make the U.S. a ""bitcoin superpower"" if re-elected.
3. **Bitcoin Reserve Bill Proposal**: Republican Senator Cynthia Lummis introduced a bill requiring the Federal Reserve to hold Bitcoin as a strategic reserve asset.
4. **Cardano Token Flow Surge**: Cardano (ADA) experienced a significant net token flow increase, driven by large holders accumulating and retaining their assets.
5. **ETF Market Volatility**: The recent launch of Spot Ethereum ETFs caused significant price volatility, with some analysts viewing it as a ""sell the news"" event."
2024-07-29;{'ada': 13, 'btc': 1114, 'eth': 294, 'sol': 73, 'xrp': 102};"1. **Bitcoin Price Surge:** Bitcoin surged to near $70,000 following Donald Trump's support at the 2024 Bitcoin Conference and potential interest rate cuts.
2. **ETF Inflows:** Spot Ethereum ETFs generated record inflows of $2.2 billion, signaling strong market confidence.
3. **Institutional Flows:** Institutional flows for Crypto ETPs reached a record-breaking $20.5 billion.
4. **Regulatory Developments:** Senator Cynthia Lummis proposed a bill to reserve Bitcoin in the US, while the U.S. government transferred over $2 billion in Bitcoin seized from the Silk Road.
5. **Market Sentiment:** Despite the bullish price trend, some analysts warn of potential volatility as Bitcoin's momentum nears $70k."
2024-07-30;{'ada': 16, 'btc': 1016, 'eth': 394, 'sol': 107, 'xrp': 128};"1. **Bitcoin Price Volatility and Government Influence**: Bitcoin prices have fluctuated significantly, dropping from near $70,000 to approximately $66,500, driven by the U.S. government's transfer of $2 billion in Bitcoin to an anonymous address and political endorsements from Donald Trump and Robert F. Kennedy Jr.

2. **ETF Market Activity and Institutional Interest**: The launch of spot Ethereum ETFs has generated significant market interest, with nine US spot Ethereum ETFs recording net outflows, while BlackRock's iShares Bitcoin Trust (IBIT) saw a surge to $70,000 with net inflows reaching $17.71 billion.

3. **Exchange Liquidation and Asset Distribution**: The defunct exchange Mt. Gox is preparing to distribute approximately $5.35 billion in Bitcoin to creditors, a move coinciding with Bitcoin trading near all-time lows and facing strong resistance at $70,000.

4. **Technical Analysis and Market Sentiment**: Analysts suggest Bitcoin may see a significant price shift by year's end, with some expecting a dip to $60,000, while others predict a breakout to $80"
2024-07-31;{'ada': 26, 'btc': 817, 'eth': 347, 'sol': 67, 'xrp': 163};"1. **Bitcoin Price Action**: Bitcoin is currently trading around $66,000, down 2.5% in the last 24 hours, while the global market cap decreased by 0.51% in the last 24 hours.

2. **ETF Flows**: Spot Ethereum ETFs recorded their first positive net inflow since launch on July 30, driven by reduced sales pressure from Grayscale, with BlackRock's iShares ETF leading at $117.9 million.

3. **Regulatory Developments**: Former US President Donald Trump and Senator Lummis have proposed significant Bitcoin legislation, including secure storage and a purchase program.

4. **Political Commentary**: The Wall Street Journal criticized former President Trump's Bitcoin support, while economist Paul Goldman Sachs CEO David Solomon acknowledged Bitcoin's volatility and speculative nature.

5. **Market Sentiment**: Despite fears of potential government confiscation, the crypto market shows signs of recovery with a surge in Bitcoin inflows and a shift in sentiment toward consolidation."
2024-08-01;{'ada': 19, 'btc': 848, 'eth': 321, 'sol': 85, 'xrp': 109};"1. **Bitcoin Price Volatility and Market Sentiment**: Bitcoin experienced significant price fluctuations, dropping below $65,000 and then rebounding to $70,000, reflecting a mix of bearish and bullish market conditions.

2. **Federal Reserve Interest Rate Decisions**: The Federal Reserve maintained interest rates steady at 5.25% to 5.50%, with expectations of a potential rate cut in September, influencing the broader crypto market.

3. **Political Support for Cryptocurrency**: Former President Donald Trump and Senator Cynthia Lummis have publicly supported the cryptocurrency industry, with Lummis proposing a bill to establish a U.S. strategic Bitcoin reserve.

4. **Whale Accumulation and Exchange Outflows**: Large investors, known as ""whales,"" have increased their holdings in Bitcoin and Ethereum, while investors are simultaneously withdrawing funds from exchanges and moving assets to self-custody.

5. **ETF Inflows and Institutional Adoption**: Spot Ethereum ETFs saw significant inflows, and BlackRock's iShares fund cut interest rates, indicating growing institutional adoption and confidence in the asset class."
2024-08-02;{'ada': 42, 'btc': 964, 'eth': 255, 'sol': 48, 'xrp': 110};"1. **Bitcoin Price Volatility and Market Sentiment**: Despite recent price drops, analysts like Willy Woo and experts such as Jan Van Eck predict a potential surge to $700,000–$2.9 million, driven by institutional adoption and ETF inflows.

2. **Institutional Adoption and Corporate Strategy**: Major financial institutions like Morgan Stanley and BlackRock are integrating Bitcoin into their portfolios, while companies like MicroStrategy are increasing their holdings despite reported losses.

3. **ETF Inflows and Regulatory Changes**: Spot Bitcoin and Ethereum ETFs have seen significant inflows, with the Reg CF portal now democratizing early-stage investing and the Sahm rule triggering potential market shifts.

4. **Whale Activity and Exchange Outflows**: Significant whale accumulation is noted, with outflows from exchanges increasing and new token launches being criticized by critics like OKX founder.

5. **Global Market Outlook and Political Factors**: The market is influenced by geopolitical tensions, potential recession fears, and political factors like Donald Trump's proposals, with some predicting a rebound to $80,000."
2024-08-03;{'ada': 7, 'btc': 520, 'eth': 205, 'sol': 45, 'xrp': 75};"1. **Bitcoin Price Volatility**: Bitcoin has experienced significant price fluctuations, dropping from a peak of $70,000 to below $61,000, with recent intraday lows reaching $60,240.
2. **Ethereum Market Performance**: Ethereum has faced a sharp decline, dropping below $3,000 and $2,900, while also seeing a $54.27 million outflow from the Grayscale ETHE Fund.
3. **Political Proposals**: Former President Donald Trump has proposed using Bitcoin to pay off the U.S. $35 trillion national debt, while Senator Cynthia Lummis introduced a bill to create a government Bitcoin Strategic Reserve.
4. **Market Sentiment and Trends**: Despite the downturn, market data indicates substantial accumulation by investors, with some analysts suggesting a potential rally toward $67,000 despite the current bearish trend.
5. **Institutional Activity**: Morgan Stanley has approved Bitcoin ETFs for wealthy clients, and the crypto market is experiencing significant volatility driven by economic uncertainty and geopolitical tensions."
2024-08-04;{'ada': 6, 'btc': 318, 'eth': 122, 'sol': 40, 'xrp': 61};"1. Bitcoin has crashed below $60,000 amid geopolitical tensions and disappointing U.S. employment data.
2. A potential U.S. government sale of its Bitcoin holdings is expected to further impact market sentiment.
3. Major Wall Street banks like Morgan Stanley and BlackRock are responding to the market volatility.
4. MicroStrategy Chairman Michael Saylor emphasized that Bitcoin is the only asset with a clear ""buy"" rule.
5. The U.S. government transferred $2 billion worth of Bitcoin from a Silk Road-seized wallet to an unknown address."
2024-08-05;{'ada': 1, 'btc': 815, 'eth': 439, 'sol': 43, 'xrp': 94};"1. **Market Sentiment:** Crypto traders are hesitant to accumulate during the Bitcoin correction, with DEX volumes on Solana surpassing Ethereum for the first time in July.
2. **Bitcoin Performance:** Bitcoin lost short-term support near $64,580, driven by rising mining difficulty and record-low mining revenue.
3. **Institutional Moves:** Lido Finance launched its institutional liquid staking application, while Gr Recent Bitcoin has plummeted to its lowest level in four months, triggering massive liquidations and prompting warnings of a potential ""Crypto Black Monday.""
4. **Market Crash:** Bitcoin dropped 22% as investors faced risk aversion due to geopolitical tensions and economic concerns.
5. **Whale Liquidations:** Significant mass liquidations occurred, with over $800 million in crypto assets liquidated in 12 hours alone."
2024-08-06;{'ada': 5, 'btc': 909, 'eth': 428, 'sol': 52, 'xrp': 126};"1. **Bitcoin ETF Inflows and Institutional Interest**: Major funds like Capula Management and Fidelity have increased their Bitcoin holdings, signaling strong institutional demand despite recent price drops.

2. **Market Volatility and Liquidations**: The crypto market experienced significant sell-offs, with over $1 billion in liquidations occurring over 24 hours due to economic uncertainty and geopolitical tensions.

3. **Ripple Regulatory Fine**: The SEC imposed a $102.6 million fine on Ripple, far exceeding the firm's proposed $10 million, highlighting regulatory scrutiny in the sector.

4. **Bitcoin Price Support Levels**: Analysts note that Bitcoin is currently testing critical support levels between $47,140 and $53,500, with potential for further declines if support is breached.

5. **Meme Coin and DeFi Trends**: Projects like Mpeppe and NEIRO are emerging as alternative investment vehicles, leveraging DeFi and meme culture to attract investors seeking diversification beyond traditional assets."
2024-08-07;{'ada': 21, 'btc': 958, 'eth': 484, 'sol': 100, 'xrp': 69};"1. **Bitcoin Price Recovery**: Despite recent volatility, Bitcoin is rebounding to new highs, with analysts predicting a potential breakout to $57,000–$69,000.
2. **Institutional Adoption**: Major financial institutions, including BlackRock and Fidelity, are showing significant accumulation of Bitcoin for their spot ETFs.
3. **ETF Flows**: Spot Ethereum ETFs recorded net inflows of $98.3 million, while spot Bitcoin ETFs experienced net outflows of $148.56 million.
4. **Market Sentiment**: The market is shifting from negative to positive perceptions, with new holders showing a 15% to 24% increase in sentiment.
5. **Whale Activity**: Significant inflows into custody wallets and US spot ETFs indicate strong accumulation by large investors."
2024-08-08;{'ada': 6, 'btc': 773, 'eth': 410, 'sol': 79, 'xrp': 160};"1. **Bitcoin Price Consolidation and Technical Levels**: Bitcoin is currently consolidating near the $57,500 zone, trading above the $57,000 level and the 100-hour Simple Moving Average.
2. **ETF Inflows and Institutional Adoption**: The U.S. Department of Labor's weekly unemployment claims report coincides with significant Bitcoin inflows, including $52.52 million to BlackRock's IBIT, signaling potential recovery.
3. **Japan's Regulatory Stance**: Japan's Financial Services Agency (FSA) advocates caution before approving crypto ETFs, despite the US, Hong Kong, and Australia having adopted them.
4. **Market Volatility and Whale Activity**: Despite recent drops, over 400,000 BTC moved to ""permanent holder"" addresses in the last 30 days, indicating strong investor optimism.
5. **Global Economic Outlook**: Reports on the current economic landscape, including the Fed's report on sanctions and Tornado Cash, and Bitstamp's collaboration with Stripe to support fiat-to-crypto onramps in the EU."
2024-08-09;{'ada': 19, 'btc': 661, 'eth': 443, 'sol': 71, 'xrp': 282};"1. **Bitcoin ETF Inflows and Market Recovery**
   The Bitcoin market has rebounded significantly, with spot ETFs recording massive inflows and the price surging past $60,000.

2. **Ripple Legal Victory and Stablecoin Launch**
   Ripple Labs secured a major legal victory against the SEC, resulting in a $125 million penalty, while simultaneously launching its USD-pegged stablecoin, RLUSD.

3. **Ethereum Price Action and Whale Activity**
   Ethereum experienced a sharp decline followed by a recovery, while whale investors executed a significant buying spree, signaling potential market revitalization.

4. **Solana and Altcoin Performance**
   Solana surpassed the $150 mark, and other altcoins are showing signs of recovery as the market approaches a potential All-Time High.

5. **Bitcoin Price Targets and Technical Indicators**
   Analysts predict Bitcoin could reach $100,000, with technical indicators suggesting an imminent steeper ascent following recent price retests."
2024-08-10;{'ada': 17, 'btc': 406, 'eth': 221, 'sol': 50, 'xrp': 118};"1. **Turkey**: The government is creating a more ordered legal environment for crypto assets, leading to a surge in applications for digital currency licenses.
2. **Santa Monica, CA**: The city launched its own Bitcoin office and plans an October festival.
3. **US Regulatory Updates**: The SEC released a statement regarding new Bitcoin products following ETF approvals.
4. **Tornado Cash Controversy**: Tornado Cash, a privacy coin mixer founded in 2019, has faced intense regulatory scrutiny with founder Pertsev sentenced to five years in jail.
5. **Ripple (XRP)**: Ripple has begun beta testing its stablecoin, RLUSD, on both the XRP Ledger and Ethereum mainnet."
2024-08-11;{'ada': 6, 'btc': 299, 'eth': 205, 'sol': 30, 'xrp': 92};"1. **Bitcoin Price Outlook**: Analysts anticipate a potential resurgence after the difficulty parameter increased by 10.5%, with a possible target of $250,000.
2. **Ripple (XRP) Legal Settlement**: Ripple paid $125 million to settle securities law violations related to institutional XRP sales, marking a victory for the company.
3. **CoinGecko Report on Sandbox**: A 95% drop in Sandbox land prices signals a bearish trend, contrasting with the bullish rally expected for SOL and AVAX.
4. **UBS Game Hacking Incident**: Ubisoft's new Ethereum game, Ronin, was hacked again, highlighting security risks in the crypto gaming sector.
5. **Beam Network Event**: Beam Network will showcase at Gamescom 2024 in Cologne, Germany, featuring the MMORPG Domi Online."
2024-08-12;{'ada': 9, 'btc': 552, 'eth': 449, 'sol': 36, 'xrp': 116};"1. **Bitcoin Market Correction**: Bitcoin dropped below $60,000, triggering a negative market reaction and a significant pullback.
2. **Ethereum ETF Inflows**: Spot Ethereum ETFs recorded their first net positive week in August, driven by BlackRock's iShares Ethereum Trust.
3. **Ripple Legal Action**: A legal ruling by District Judge Analisa Torres imposed a $125 million fine on Ripple following a lawsuit.
4. **Marathon Digital Funding**: The mining firm announced an intention to offer $250 million in unsecured debt to buy Bitcoin.
5. **Crypto User Error**: A user mistakenly spent $90,000 on Ethereum transaction fees."
2024-08-13;{'ada': 6, 'btc': 807, 'eth': 463, 'sol': 78, 'xrp': 101};"1. **Bitcoin Price Volatility**: Bitcoin is currently trading near $58,900, having dropped below the $60,000 psychological level but showing signs of a potential rebound.

2. **Ethereum ETF Activity**: Grayscale's ETHE ETF ended its 19-day outflow streak, signaling renewed confidence, while Spot ETF inflows exceeded $901 million.

3. **Whale Activity**: A crypto whale identified as ""cookislandstrust.eth"" executed aggressive buying strategies, purchasing 420 billion PEPE tokens and nearly 3,000 Ether during market dips.

4. **Core Scientific Performance**: Core Scientific delivered a net upside of 200% despite post-halving challenges, driven by strong execution and a 382 MW contract with CoreWeave.

5. **Market Sentiment**: Despite a major market downturn, long-term investors are holding, with analysts predicting a potential altcoin surge following Bitcoin's recent price dip."
2024-08-14;{'ada': 9, 'btc': 1063, 'eth': 352, 'sol': 34, 'xrp': 107};"1. **Market Outlook:** Crypto markets anticipate a quick rebound following recent drops, though the Japanese market's recovery hasn't fully impacted Bitcoin yet.
2. **Hut 8:** The company reported a Q2 loss despite a 72% revenue surge, citing Bitcoin price fluctuations and new accounting standards.
3. **Legal & Market News:** South Korean CEO Byun Young-oh was arrested for crypto fraud, while El Salvador's $1.6 billion ""Bitcoin City"" project secured funding.
4. **Price Action:** Bitcoin has slumped to $58,800 and is forming a symmetrical triangle pattern, potentially triggering a 4.80% move if it closes above $59,530.
5. **Whale Activity:** Investors holding 1,000–10,000 BTC have collectively sold 1 - 10,000 BTC, with some holding 1,000–10,000 BTC (the ""whale"" cohort) having collectively sold 1 - 10,000 BTC."
2024-08-15;{'ada': 25, 'btc': 765, 'eth': 380, 'sol': 93, 'xrp': 114};"1. **Bitcoin ETF Flows:** Institutional investors increased their Bitcoin ETF holdings by 44% in Q2 2024, while Grayscale appointed a new CEO amid outflows.
2. **Ethereum Price Action:** Ethereum experienced a 0.29% decline over the past 24 hours, with some analysts noting a potential breakout.
3. **Market Volatility:** The cryptocurrency market experienced a sharp correction, with Bitcoin dropping 4.38% to hover near $58,000.
4. **Regulatory Developments:** The NYSE and NASDAQ withdrew proposals to offer options on Bitcoin Spot ETFs and Trusts.
5. **Institutional Activity:** The State of Wisconsin Investment Board added 447,651 shares to BlackRock's iShares Bitcoin Trust, raising its total holdings to over 2.89 million shares."
2024-08-16;{'ada': 18, 'btc': 930, 'eth': 334, 'sol': 51, 'xrp': 121};"1. **Bitcoin ETF Flows**: Spot Bitcoin ETFs recorded inflows of $11.1 million while U.S. spot Ethereum ETFs recorded net outflows of $39.2 million.
2. **Market Volatility**: Bitcoin faced a sharp $70 billion capital loss, with analysts warning of potential bear market conditions.
3. **Government Actions**: The U.S. government transferred approximately $593.5 million in seized Silk Road Bitcoin to Coinbase Prime.
4. **Institutional Adoption**: Q2 2024 saw a 21% surge in Bitcoin ETF adoption, with over 262 new companies joining the spot ETF market.
5. **Price Action**: Bitcoin is approaching key resistance at $60,000, with analysts suggesting a potential breakout."
2024-08-17;{'ada': 13, 'btc': 546, 'eth': 185, 'sol': 30, 'xrp': 90};"1. **Bitcoin Price Volatility**: Bitcoin experienced significant price fluctuations, ranging from a 7% drop to a 21% surge, with analysts forecasting a potential rise to $68,000 in 2024.
2. **Institutional ETF Inflows**: Institutional interest in cryptocurrencies is growing, with major players like Fidelity and BlackRock increasing ETF inflows despite recent volatility.
3. **Market Sentiment Shifts**: The market is currently range-bound, with Bitcoin showing signs of a steady recovery while altcoins like Helium and RUNE outperform it.
4. **Regulatory and Legal Developments**: Regulatory news includes the FIU-IND fineing Binance $2.25 million and discussions on the US government's potential sale of Silk Road-linked Bitcoin holdings.
5. **Whale Activity and Network Dynamics**: Significant whale movements are occurring, including a newly created wallet withdrawing $31 million worth of Bitcoin from Binance, while network difficulty dropped by over 4%."
2024-08-18;{'ada': 6, 'btc': 311, 'eth': 160, 'sol': 18, 'xrp': 69};"1. **Norway's Bitcoin Holdings:** Norwegian citizens indirectly own an average of $27 in Bitcoin by the first half of 2024.
2. **Market Movements:** Bitcoin hit a $56k high while Ethereum rebounded, showing signs of recovery.
3. **Inflationary Trend:** Over the past seven days, 16,039 new ETH tokens were issued, creating an annual inflation rate of 0.70%.
4. **Price Action:** Ethereum is currently trading around $2,615, showing a rebound to $2,900.
5. **Crypto Market Outlook:** Bitcoin is expected to rally 30% with a wedge pattern, while the broader market faces volatility."
2024-08-19;{'ada': 14, 'btc': 675, 'eth': 290, 'sol': 53, 'xrp': 98};"1. **Bitcoin (BTC) Price Analysis**: Bitcoin is trading around $58,600 amid low weekend volumes and investor concerns, with analysts noting potential buying opportunities despite short-term corrections.

2. **Ethereum (ETH) Performance**: Ethereum is seeing a Bitcoin's price trajectory is currently divided due to conflicting technical and fundamental signals, with gas fees hitting a five-year low due to increased Layer 2 activity and the Dencun upgrade.

3. **Market Sentiment**: While top cryptocurrencies like Bitcoin (BTC) and Ethereum (ETH) are declining, Tron (TRX) is outperforming Cardano (ADA), with a massive Bitcoin transfer of approximately $238.6 million sparking speculation about potential illicit activity.

4. **Institutional Interest**: Bitwise's CIO, Matt Hougan, reports that 1,920 institutional investors are increasingly moving into crypto, citing growing Bitcoin ETF holdings and a 30% increase in institutional holdings.

5. **Mining Sector**: Bitcoin miners are pivoting to AI and high-performance computing to boost profits, with a record global hash rate and a projected annual revenue of $9.11 million per MW after accounting for an"
2024-08-20;{'ada': 40, 'btc': 698, 'eth': 243, 'sol': 55, 'xrp': 93};"1. **Bitcoin Price Surge and Market Sentiment**: Bitcoin has surged past the $60,000 mark, driven by macro bullish outlooks and renewed institutional interest, with analysts predicting potential surges to $100,000.
2. **ETF Performance and Institutional Adoption**: Spot Bitcoin ETFs have shown stability and recovery, while Ethereum ETFs have recorded significant outflows, indicating a shift in market sentiment toward risk-on assets.
3. **Whale Activity and Market Volatility**: Large whale investors are accumulating significant Bitcoin holdings, while the market experiences volatility as the US economy redirects investor attention to Bitcoin amid a bearish phase.
4. **Ethereum and Layer-2 Network Developments**: Ethereum is facing bearish signals and consolidation, while the Dencun upgrade has lowered gas fees by up to 100%, boosting network accessibility and utility.
5. **Cryptocurrency Regulatory and Economic Outlook**: The Seychelles National Assembly has passed a bill to regulate virtual asset service providers, while experts warn that a strengthening Japanese yen could destabilize crypto markets."
2024-08-21;{'ada': 16, 'btc': 731, 'eth': 303, 'sol': 55, 'xrp': 97};"1. **Bitcoin ETF Inflows**: Institutional interest in Bitcoin ETFs is surging, with 60% of the top 25 US hedge funds now holding these products.
2. **Regulatory Crackdowns**: Germany seized 13 crypto ATMs and nearly €25 million in cash due to money laundering concerns, while the US updated its anti-money laundering laws to include crypto transactions.
3. **Mt. Gox Transfer**: The defunct exchange transferred approximately $709 million to unknown wallets, a move that raised significant concern in the crypto community.
4. **Bitcoin Price Volatility**: Bitcoin is currently trading near $59,337, marking a new all-time high despite recent volatility and a multi-month drawdown.
5. **Institutional Adoption**: Hedge funds are rapidly increasing their interest in Bitcoin ETFs, with 60% of the largest funds now owning them."
2024-08-22;{'ada': 18, 'btc': 691, 'eth': 347, 'sol': 7, 'xrp': 113};"1. Bitcoin ETFs recorded significant net inflows of $39.42 million, marking the fifth consecutive day of positive activity.
2. Bitcoin is currently trading around $60,000, facing resistance near the $61,000 level while short-term holders remain in unrealized losses.
3. The MVRV ratio sits between 1.8 and 1.9, indicating the market value is nearly double the realized value and suggesting caution.
4. Bitcoin is expected to surge to $70,000 if the Democratic National Convention's poor performance drives betting markets higher.
5. Bitcoin futures open interest rose significantly following the Fed's meeting minutes, signaling strong market confidence."
2024-08-23;{'ada': 19, 'btc': 641, 'eth': 293, 'sol': 22, 'xrp': 133};"1. **Bitcoin Price Surge**: Bitcoin reached over $62,000 following Federal Reserve Chair Jerome Powell's dovish speech on interest rate cuts.
2. **ETF Flows**: Spot Bitcoin ETFs recorded their sixth consecutive day of net inflows, signaling strong institutional interest.
3. **El Salvador Accumulation**: The El Salvador government has been purchasing Bitcoin daily, adding over $93 million to its holdings since March.
4. **Aave Token Rally**: Aave's token price surged 40% in two weeks and 142% over the past month.
5. **Mpeppe Token**: Mpeppe (MPEPE) emerged as a promising crypto token with strong investor interest and a low entry price."
2024-08-24;{'ada': 19, 'btc': 498, 'eth': 234, 'sol': 29, 'xrp': 87};"1. **Bitcoin Price Surge Driven by Federal Reserve Signals**
   Federal Reserve Chair Jerome Powell's hints of potential interest rate cuts have triggered a significant market rally, with Bitcoin surging to nearly $64,000 and other assets like Solana and XRP also experiencing substantial gains.

2. **Ethereum ETF Flows and Market Sentiment**
   Despite a recent decline, the Ethereum Foundation confirmed a $94 million transfer to Kraken as routine treasury management, while the broader crypto market shows bullish sentiment with a 47.36% increase in market capitalization since November 2022.

3. **Mining Operations and Capital Raising**
   Major miners like MARA are pursuing ""BTC Yield"" strategies by increasing Bitcoin per share and raising capital to acquire more assets, while other projects like Nervos CKB are launching new open lightning networks.

4. **NFT Market Activity and Whale Transactions**
   Sales jumped 24.33% to $99.05 million in the recent period, with Ethereum-based NFTs leading at $36.62 million, driven by massive whale transactions including a $132 million profit from selling"
2024-08-25;{'ada': 12, 'btc': 236, 'eth': 140, 'sol': 12, 'xrp': 63};"1. **Bitcoin Price Surge**: Bitcoin rallied from $49,577 to $64,311 following Jerome Powell's hints of potential interest rate cuts and institutional whale activity.
2. **Ethereum Market Dynamics**: Ethereum is showing signs of a potential breakout to $3,000–$3,600, driven by ETF adoption and a supply shock from Grayscale.
3. **XRP Whale Activity**: XRP experienced a mysterious surge with 155 million tokens vanishing, coinciding with a potential explosive price breakout.
4. **Toncoin Decline**: Toncoin saw a significant drop of 20% following the arrest of Telegram founder Pavel Durov.
5. **Bitcoin Hashrate**: Bitcoin's hashrate is near its historical peak, with difficulty expected to rise by 4% soon."
2024-08-26;{'ada': 45, 'btc': 457, 'eth': 314, 'sol': 37, 'xrp': 75};"1. **Ethereum Foundation Transfer**: The Ethereum Foundation transferred 35,000 ETH, sparking market speculation and calls for transparency.
2. **Crypto Investment Contenders**: Dogwifhat, Pendle, and MoonBag are emerging as top contenders for crypto investment opportunities.
3. **Latin American Blockchain Education**: Argentina is leading in blockchain education, with the ETH Kipu Foundation partnering with the Ministry of Education to integrate blockchain into high school curricula.
4. **ETF Performance**: ETFs surpassed HK$2 billion in assets under management since launch, signaling growing institutional interest in regulated Bitcoin products in Asia.
5. **Bitcoin Price Surge**: Bitcoin experienced a significant positive weekend surge, pushing above $65,000 following a Fed Chair Powell signal for potential interest rate cuts."
2024-08-27;{'ada': 9, 'btc': 677, 'eth': 502, 'sol': 50, 'xrp': 38};"1. **Bitcoin Price Correction and ETF Inflows**: Bitcoin is currently trading near $62,000 after a recent high of $65,000, while spot Bitcoin ETFs recorded a record-breaking net inflow of $224.1 million.
2. **Ethereum Market Dynamics**: Ethereum is facing a bearish trend with net outflows of nearly $112 million from spot ETFs, dropping from $3,235 to $2,226, as investors shift focus to altcoins.
3. **Whale Activity and Portfolio Diversification**: Recent sell-offs by crypto whales, including a $24 million sale by a whale, are capitalizing on the shift from Ethereum to alternative assets like Mpeppe (MPEPE).
4. **Institutional Investment in Bitcoin**: Major players such as Bitfinex and COINOTAG NEWS are launching a $200 million Bitcoin hedge fund to attract institutional investors amid the current market volatility.
5. **Global Liquidity and Market Sentiment**: Global liquidity has reached an all-time high of $95 trillion, a trend historically linked to Bitcoin's price movements, while the market is characterized"
2024-08-28;{'ada': 11, 'btc': 733, 'eth': 292, 'sol': 40, 'xrp': 32};"1. **Bitcoin Market Volatility**: Bitcoin experienced a sharp downturn, dropping below $60,000 and triggering significant liquidations of leveraged derivatives positions.
2. **ETF Flows and Inflows**: Spot Bitcoin ETFs recorded net outflows, while BlackRock's Bitcoin ETF saw a record $224M inflow, signaling a shift in institutional interest.
3. **Ethereum Price Action**: Ethereum dropped nearly 10% to a 20-day low of $2,481, following a sharp decline in the broader crypto market.
4. **Political and Regulatory Factors**: The market is influenced by the US election, potential Federal Reserve rate cuts, and regulatory developments like SEC mandates and SEC notices against exchanges.
5. **Institutional Investment**: Major asset managers, including Bitwise and Osprey, announced agreements to acquire assets from the Osprey Trust to integrate into their own funds."
2024-08-29;{'ada': 8, 'btc': 539, 'eth': 239, 'sol': 74, 'xrp': 47};"1. **Bitcoin Price Correction**: Bitcoin experienced a sharp price drop to $59,000, driven by increased exchange inflows and a dovish pivot by the U.S. Federal Reserve.
2. **ETF Performance Lag**: JPMorgan reports that Ethereum's ETF performance lags behind Bitcoin's, despite the recent launch of spot Ethereum ETFs in the U.S.
3. **Altcoin Market Shift**: Analysts suggest buying XRP, ADA, and RCO Finance before a potential market rally, as capital flows from Bitcoin to altcoins seeking ""greener pastures.""
4. **Privacy Coin Development**: Monero developers announced the integration of Full-Chain Membership Proofs (FCMP++) to enhance privacy, aiming to increase anonymity from 16 to 100 million.
5. **Market Volatility and Liquidations**: Traders lost over $100 million following a significant Bitcoin dip, with over 90% of Bitcoin's price expected to end August with a bearish outlook."
2024-08-30;{'ada': 19, 'btc': 730, 'eth': 362, 'sol': 53, 'xrp': 19};"1. **Bitcoin ETF Flows**: As of August 29, 2024, Bitcoin ETFs recorded a net outflow of $71.8 million, marking the third consecutive day of declines.
2. **Ethereum Price Action**: Ethereum is currently trading around $2,520, having bounced back from a support range of $2,184–$2,348 following a major market correction.
3. **Solana Market Dynamics**: Solana has surged, challenging Ethereum's dominance by offering superior speed and cost-efficiency, positioning it as a potential ""Ethereum Killer.""
4. **Mpeppe Token Performance**: Mpeppe (MPEPE) is emerging as a high-growth Ethereum-based project with nearly 87% of its tokens sold, capitalizing on the growing demand for Ethereum ETFs.
5. **Bitcoin Price Levels**: Bitcoin is holding between $58k-$59k as large wallets accumulate, with analysts predicting a potential breakout to new all-time highs near $90k."
2024-08-31;{'ada': 1, 'btc': 395, 'eth': 191, 'sol': 18, 'xrp': 11};"1. **Bitcoin Market Status**: Bitcoin is currently trading near $59k after failing to hold above the $60k barrier.
2. **Ethereum & Vitalik Buterin**: Vitalik Buterin has clarified that he has not sold Ethereum since 2018, citing recent transfers to support projects.
3. **ETF Outflows**: Bitcoin ETFs lost $175.67 million in one day, while Ethereum ETFs showed no net change despite high trading volume.
4. **NFT Legal Developments**: The U.S. Treasury tokenized market hit $2.07B, with Blackrock and Franklin Templeton controlling significant portions.
5. **Trump's Impact**: If Donald Trump wins, Altcoins could perform well, while Bitcoin is seen as the safer bet if Democrats return to power."
2024-09-01;{'ada': 7, 'btc': 207, 'eth': 83, 'sol': 12, 'xrp': 6};"1. **US Spot ETFs:** U.S. spot Bitcoin ETFs experienced a $94 million net outflow in August despite an eight-day bullish streak.
2. **Liquidation Risk:** Coinglass warns that a $665 million liquidation could occur if Bitcoin fails to reach two critical price levels.
3. **Nigeria:** A Nigerian blockchain leader views recent regulatory approvals as a positive step, expecting foreign investment.
4. **Market Sentiment:** Despite its volatility, Bitcoin's market cap nears $1.1 trillion with recent price surges signaling cautious optimism.
5. **Ethereum ETFs:** Underscore ETFs saw a net outflow of approximately $94 million."
2024-09-02;{'ada': 15, 'btc': 537, 'eth': 271, 'sol': 35, 'xrp': 75};"1. Bitcoin miners reported a significant revenue drop of $851.36 million in August 2024.
2. The German government liquidated 7,583 Bitcoin holdings worth $435 million in May 2024.
3. Bitcoin experienced a 10% weekly decline, dropping below the $58,000 support level.
4. The SEC is facing criticism for alleged market manipulation and the XRP community is intensifying scrutiny.
5. Bitcoin miners saw a dramatic revenue drop, while institutional funds sold $305 million last week."
2024-09-03;{'ada': 36, 'btc': 612, 'eth': 386, 'sol': 83, 'xrp': 44};"1. **Bitcoin (BTC) Price Analysis**: Despite recent volatility, analysts predict a potential price surge to over $100,000, with September potentially marking a pivotal recovery month.
2. **Ethereum (ETH) Market Outlook**: Ethereum is currently facing a bearish trend and disappointing performance despite the anticipated launch of Spot Ethereum ETFs.
3. **XRP (XRP) Price Action**: Ripple has extended losses, testing the $0.5440 zone before bulls reasserted control, with the token trading near $0.5440.
4. **Mpeppe (MPEPE) Investment Opportunity**: This meme token combines entertainment with DeFi utility, attracting significant interest due to whale holdings and a link to its presale.
5. **Market Sentiment & PEPE**: When investors are bearish, short squeezes can trigger quick price recoveries, as seen with PEPE reaching an all-time high in 2024."
2024-09-04;{'ada': 44, 'btc': 764, 'eth': 205, 'sol': 42, 'xrp': 61};"1. Bitcoin's hashrate reached a new record of over 742 EH/s on September 1, 2024.
2. Market skepticism persists despite record hashrate, driven by bearish indicators and miner concerns.
3. The Source Polygon project is transitioning from MATIC to the new POL token to enhance ecosystem flexibility.
4. Whale activity on Bitcoin and Ethereum has dropped significantly, suggesting potential market consolidation.
5. Bitcoin is trading near $56,000, facing a potential drop to $54,000 due to illiquidity and ETF outflows."
2024-09-05;{'ada': 18, 'btc': 596, 'eth': 301, 'sol': 24, 'xrp': 51};"1. **Bitcoin Price Volatility and ETF Flows**: Bitcoin has experienced significant price fluctuations, dropping from over $70k to below $50k, while ETF outflows have reached six consecutive days, signaling a bearish trend.

2. **Regulatory Crackdown and Legal Issues**: Over 600 Bitcoin ATMs were shut down globally in Q3 2024 due to a crackdown on criminal activity, with the U.S. leading the reduction in closures.

3. **Institutional Interest and Political Endorsements**: Former President Donald Trump signaled his ambition to make the U.S. the global cryptocurrency hub, while President Trump recently endorsed a national Bitcoin stockpile.

4. **Ethereum and Meme Coin Dynamics**: While Ethereum faces challenges from scalability issues and rising gas fees, Mpeppe (MPEPE) is surging as a Layer-2 meme coin, capitalizing on whale migration trends.

5. **Market Sentiment and Economic Factors**: Recent market declines are driven by the abandonment of the Yen carry trade, the Bank of Japan's hawkish stance on interest rates, and fears of a U.S. recession."
2024-09-06;{'ada': 49, 'btc': 607, 'eth': 382, 'sol': 86, 'xrp': 24};"1. **Ethereum (ETH)**: The price has dropped below $2,400 support levels, with the Ethereum Foundation preparing a financial report amid market volatility.

2. **Bitcoin (BTC)**: Analysts predict a potential drop to $46,000–$50,000, driven by weak U.S. job data and revised economic forecasts.

3. **Market Sentiment**: The crypto market is facing a downturn characterized by large sell-offs and a ""soft note"" on the post-holiday week.

4. **Regulatory & Political Support**: Former Donald Trump has pledged to eliminate burdensome regulations and reduce new rules by tenfold, positioning himself as the ""crypto president.""

5. **Consolidation**: The Bitcoin mining industry is undergoing significant consolidation, with larger firms acquiring smaller operations to scale efficiency and power capacity."
2024-09-07;{'ada': 11, 'btc': 418, 'eth': 201, 'sol': 44, 'xrp': 31};"1. **Bitcoin Price Outlook**: Analysts predict Bitcoin could reach new highs of $160,000 or $95,000 by November 2025, despite recent dips.
2. **ETF Impact**: Recent drops in Bitcoin are attributed to normal technical corrections after a 200 EMA rejection, with Spot Ethereum ETFs dominating the market.
3. **Market Sentiment**: Crypto options metrics show decisively bearish sentiment, with the $776M options expiry potentially triggering large price swings.
4. **Regulatory Developments**: The US SEC is not done with its case against Ripple, having agreed to a $125 million settlement with a stay order.
5. **Economic Factors**: The US economy added fewer jobs in August 2024, contributing to the bearish trend and a potential 10% increase in US companies holding Bitcoin within 18 months."
2024-09-08;{'ada': 30, 'btc': 235, 'eth': 61, 'sol': 36, 'xrp': 12};"1. **Bitcoin Price Volatility and Support Levels**
Bitcoin experienced significant price fluctuations, dropping below $54,000 on September 6, 2024, before reattaining the $54,000 support level and breaking a July 2024 record to reach a new all-time high of $73,737.

2. **Market Sentiment and Analyst Predictions**
Analysts hold mixed views on Bitcoin's future, with some predicting a bear trap before a bull run lasting at least two years, while others like Suze Orman advocate for Bitcoin ETFs as the primary investment vehicle.

3. **Ethereum Ecosystem and Layer 2 Solutions**
Ethereum's Layer 1 revenue dropped to near zero post-Dencun upgrade, with Layer 2 solutions dominating the market, while Stacks deployed over 1,400 smart contracts ahead of Nakamoto's upgrade.

4. **Regulatory and Legal Developments**
Recent legal developments include a New York judge partially granting Coinbase access to documents in its dispute with the SEC, and a McAfee report highlighting a widespread Android malware that can steal private keys from screenshots."
2024-09-09;{'ada': 18, 'btc': 520, 'eth': 392, 'sol': 31, 'xrp': 48};"1. **Bitcoin Price Outlook**: Analysts predict Bitcoin could reach $90,000 by year-end if Donald Trump wins the upcoming U.S. election, citing a 52% probability of victory on Polymarket.

2. **ETF Outflows**: U.S. spot Bitcoin ETFs recorded their longest streak of consecutive outflows (8 days), totaling $1.1859 billion, marking the longest period of withdrawals since their launch in January 2024.

3. **Whale Activity**: Three major Bitcoin whales bought 2,814 BTC ($157.3M) recently, with analysts expecting a peak in summer 2025.

4. **Ethereum & Bitcoin**: Ethereum is experiencing a four-month high in network growth (126,210 new wallets) despite ETH price stagnation around $2,200, driven by the Dencun upgrade and a potential price reversal.

5. **Market Performance**: The cryptocurrency market saw a 0.52% valuation jump to $1.95 Trillion, with Bitcoin's price rising 1% to $54,880.80"
2024-09-10;{'ada': 14, 'btc': 699, 'eth': 479, 'sol': 52, 'xrp': 20};"1. **Bitcoin Price Forecast:** Analysts predict Bitcoin could surge 83% over the next three months and potentially reach $100,000 by 2025.
2. **Political Impact:** The upcoming debate between Donald Trump and Kamala Harris is expected to influence crypto price action.
3. **Market Context:** Bitcoin recently experienced sharp losses over the past three months, with bulls facing a potential massive sentiment boost.
4. **ETF Flows:** Spot Bitcoin ETFs have seen significant outflows, meaning institutions are currently playing safe rather than buying.
5. **Ethereum Performance:** Ethereum is seeing a significant surge, reaching its highest levels in four months following Vitalik Buterin's withdrawal of 760 ETH."
2024-09-11;{'ada': 5, 'btc': 752, 'eth': 293, 'sol': 30, 'xrp': 29};"1. **Bitcoin Price Volatility and Market Sentiment**: Bitcoin experienced significant price swings, dipping below $57,000 following the U.S. presidential debate and rising to $58,000 before settling near $56,000, reflecting a mix of bullish and bearish market signals.

2. **ETF Adoption and Regulatory Developments**: The approval of spot Bitcoin and Ethereum ETFs marked a major milestone for adoption, with significant inflows observed in the U.S. market, while regulatory frameworks and legal frameworks for digital assets are evolving globally.

3. **Ethereum and Layer 2 Ecosystem Activity**: Ethereum faced pressure amid broader corrections and DeFi activity, while Layer 2 solutions like Arbitrum and Starknet saw increased transfers and activity, indicating a shift in investor focus.

4. **Mining Difficulty and Network Security**: Bitcoin's mining difficulty hit a record high of 92.67 trillion, reflecting intensified competition and increased security, while miner reserves declined, signaling a potential shift from a bearish to a bullish outlook.

5. **Altcoin Performance and Investment Trends**: While Bitcoin faced challenges, altcoins like GoodEgg and Popcat showed strong growth driven by"
2024-09-12;{'ada': 15, 'btc': 751, 'eth': 478, 'sol': 47, 'xrp': 33};"1. **Bitcoin Price Outlook**: Analysts like Poppe and Rekt Capital are bullish, expecting Bitcoin to break above $55,000 and potentially surge to $60,000–$61,000 in the coming weeks.
2. **State Street ETF Plans**: State Street reports plans to enter the Bitcoin ETF market, coinciding with a $17.1 billion year-to-date inflow into crypto ETFs.
3. **Polygon (POL) Performance**: Despite its massive transaction volume, the price has edged lower following the September 4 upgrade, struggling to find support above $0.35.
4. **Coinbase Centralization Risks**: Critics warn that Coinbase's massive Bitcoin concentration (11% of supply) could lead to systemic failure if it faces security or legal crises.
5. **Indodax Cyberattack**: The Indonesian exchange Indodax was targeted by a cyberattack involving over 150 suspicious transactions, resulting in estimated losses of $15.7 million."
2024-09-13;{'ada': 5, 'btc': 780, 'eth': 237, 'sol': 58, 'xrp': 82};"1. **Bitcoin Price Outlook**: Analysts predict a potential breakout in the next two weeks, with a higher probability of a significant rally occurring in October.
2. **Ethereum (ETH) Weakness**: The price has faced a 20% pullback as bulls failed to hold above $2,700, with bearish influence persisting despite a confirmed rebound.
3. **XRP Price Projection**: Analysts project XRP could reach $8.80, representing a 2,566% increase from its $0.33 crash lows, expected to occur between June and September 2025.
4. **Dogecoin (DOGE) Performance**: The price surged nearly 4% to $0.101, but daily trading volume dropped 10% due to broader market uncertainty.
5. **BNB Market Dynamics**: The pair faces resistance near $548 and $550, with a break above $550 potentially pushing the price toward $562."
2024-09-14;{'ada': 21, 'btc': 385, 'eth': 92, 'sol': 19, 'xrp': 18};"1. **Bitcoin Price & Sentiment**: Analysts predict Bitcoin could reach $300,000 to $600,000 in the current market cycle.
2. **ETF Inflows**: U.S. spot Bitcoin ETFs recorded a major inflow of $263 million, breaking outflow streaks.
3. **Whale Activity**: On-chain analytics report a withdrawal of approximately $4.54 billion in the last three months from exchanges.
4. **Market Outlook**: Crypto analysts are bullish on Bitcoin, viewing it as an asset that can be held outside traditional finance.
5. **ETF Activity**: Spot Bitcoin ETFs are seeing record inflows, with a notable decrease in market depth suggesting a potential price bottom."
2024-09-15;{'ada': 4, 'btc': 372, 'eth': 205, 'sol': 28, 'xrp': 18};"1. **Ethereum (ETH)**: The network saw massive growth, reaching a four-month high, with analysts suggesting it could approach $4,000 if current trends continue.
2. **Bitcoin (BTC)**: Surged above $60,000, driven by institutional support and expectations of a potential 50 basis point interest rate cut by the Federal Reserve.
3. **Whale Activity**: A notable whale deposited 119 BTC to Binance, following a prior withdrawal of 3,409 BTC and a subsequent deposit of 320 BTC.
4. **Market Outlook**: Analysts predict Bitcoin could reach $158,000 and potentially $200,000 in this market cycle, citing diminishing supply and structural changes.
5. **Mining Stocks**: MARA is projected to generate ~$1 billion in 2025, with a P/S ratio of ~6, making shares undervalued compared to the ~300 ratio seen in 2021."
2024-09-16;{'ada': 6, 'btc': 575, 'eth': 242, 'sol': 36, 'xrp': 29};"1. **Ethereum & Pectra**: Ethereum developers are considering splitting the Pectra upgrade into two phases, potentially launching Phase One in February.
2. **Bitcoin & Defi**: Coinmarketcap and Footprint Analytics report that Bitcoin's Defi ecosystem is growing, with $1.07 billion locked.
3. **Crypto Rally**: Analyst Bluntz predicts a breakout rally for memecoin **PEPE** and **Solana (SOL)**, citing recent bullish reversal patterns and strong volume.
4. **SEC & Binance**: Paul Grewal and Stuart Here is a concise summary of the provided text:

*   **Trump & Golf**: Former President Donald Trump faced a second assassination attempt on September 15 while playing golf at a Florida course; he was unharmed.
5. **Market Sentiment**: The crypto panic and greed index dropped to 39 today from 51 yesterday, signaling **Bitcoin Price Analysis**"
2024-09-17;{'ada': 3, 'btc': 548, 'eth': 280, 'sol': 27, 'xrp': 42};"1. **MicroStrategy's Debt Restructuring**: MicroStrategy plans to issue a $700 million convertible bond to purchase Bitcoin and pay off existing debt.
2. **Dogecoin Technical Analysis**: Dogecoin is currently in a downtrend with a potential bullish breakout projected at $0.20 based on a falling wedge pattern.
3. **Binance Referral Program**: A $100 trading fee rebate voucher is available for 14 days, requiring a $50+ deposit and identity verification.
4. **Bitcoin Price Volatility**: Bitcoin is trading near $58,000-$60,000, facing a potential correction toward $55,000-$58,000 despite recent gains.
5. **Ethereum Market Sentiment**: Ethereum is showing bearish sentiment with a 4.9% drop in the past 24 hours, trading below the $2,300 level."
2024-09-18;{'ada': 26, 'btc': 674, 'eth': 195, 'sol': 21, 'xrp': 27};"1. **Federal Reserve Interest Rate Cuts**
The U.S. Federal Reserve is expected to cut interest rates by 50 basis points, a move anticipated to boost Bitcoin's price and stimulate broader crypto market activity.

2. **Bitcoin ETF Flows**
Recent data shows significant inflows into U.S. spot Bitcoin ETFs, with 12 funds seeing positive flows while nine Ethereum ETFs experienced outflows.

3. **Ethereum Layer-2 Growth**
Ethereum developers are focusing on Layer-2 networks like Optimism and Arbitrum to reduce transaction fees and drive mainstream adoption.

4. **Bitcoin Mining Costs**
Bitcoin mining costs have risen significantly, with MARA's costs increasing from $17.71 to $45.62 per BTC in recent quarters.

5. **Whale Accumulation**
CryptoQuant reports six consecutive days of sustained Bitcoin accumulation by whale addresses, particularly custody wallets."
2024-09-19;{'ada': 10, 'btc': 588, 'eth': 294, 'sol': 44, 'xrp': 30};"1. **Ethereum Market Dynamics**: Ethereum is showing signs of a potential rally, with analysts predicting a contrarian bullish run by year's end and a possible price breakout toward $2,800.

2. **Bitcoin Price Action**: Bitcoin surged to nearly $63,000 following the US Federal Reserve's decision to lower interest rates for the first time in years, marking a significant market rally.

3. **Institutional Adoption**: Major players like BlackRock, Fidelity, and Commerzbank are expanding their tokenized asset offerings and launching crypto custody and trading services.

4. **Market Sentiment Shift**: The crypto market is shifting from fear to neutrality, with whale activity and institutional inflows signaling a potential end to a bearish phase.

5. **Cryptocurrency Security**: A social media account belonging to ""Banana Gun"" was hacked on September 19, raising security concerns after a $1.4M loss in ETH was moved to Tornado Cash."
2024-09-20;{'ada': 15, 'btc': 749, 'eth': 201, 'sol': 57, 'xrp': 48};"1. **Bitcoin Price Surge and Market Dynamics**: Bitcoin surged to over $64,000 following a 0.5% Federal Reserve interest rate cut, with market capitalization reaching a new peak of $2.21 trillion.
2. **Institutional Adoption and Corporate Holdings**: MicroStrategy became the largest corporate holder of Bitcoin, acquiring 7,420 BTC for $458 million, while BlackRock views Bitcoin as a safe haven amid economic uncertainty.
3. **Legal Developments and Regulatory Landscape**: The Consensys lawsuit against the SEC was dismissed, and the U.S. state of Louisiana legalized crypto payments, while major tech giants face new content moderation laws.
4. **Ethereum Upgrades and Whale Activity**: Ethereum developers split the Pectra hard fork, and whale investors are quietly accumulating ETH at bargain prices as the market shifts toward altcoins.
5. **Market Outlook and Future Trends**: Analysts predict Q4 2024 will be a bullish phase, with Ethereum potentially outpacing Bitcoin in on-chain activity and a potential rise to $65,000."
2024-09-21;{'ada': 24, 'btc': 389, 'eth': 137, 'sol': 48, 'xrp': 31};"1. **Bitcoin ETF Inflows and Institutional Adoption**
   The U.S. SEC approved options trading for BlackRock's spot Bitcoin ETF, marking a major milestone for institutional involvement in the crypto market.

2. **Federal Reserve Rate Cuts and Market Resurgence**
   Following the US Federal Reserve's interest rate cut, Bitcoin surged over 11% to exceed $62,000, signaling a renewed market resurgence.

3. **MicroStrategy Accumulation and Corporate Holdings**
   MicroStrategy's largest corporate holder purchased an additional $458.2 million worth of Bitcoin, bringing its total holdings to over 252,000 BTC.

4. **Ethereum Price Action and Whale Activity**
   Ethereum is seeing liquidity growth at $2,616 due to whale activity and bullish trends, while analysts suggest the bottom for the ETH/BTC pair is imminent.

5. **Altcoin Performance and Market Outlook**
   Analysts suggest altcoins may rally 200% or more, with the end of 2024 potentially being an ideal time for investment as meme coins lead the charge."
2024-09-22;{'ada': 4, 'btc': 212, 'eth': 57, 'sol': 16, 'xrp': 10};"1. **Bitcoin Price Volatility and Halving Impact**: Despite a 6.97% price increase in September, Bitcoin's hash price remains ultra-low, indicating miners are still earning minimal profits following the fourth halving.

2. **ETF Inflows and Market Momentum**: U.S. Bitcoin ETFs saw massive inflows with $92 million net inflows on Friday alone, signaling a major bull run where Bitcoin, Ethereum, and XRP are signaling potential new all-time highs.

3. **Whale Activity and Transaction Trends**: A significant transaction involving approximately 96,638.9 ETH was detected eight hours ago, while the ""ancient whale"" credited 491 ETH to OKX around 8 hours ago.

4. **Price Predictions and Analyst Forecasts**: Analysts and experts predict a potential price surge to $500,000 by next year, with some predicting Bitcoin could reach $200,000–$260,000 before the next halving.

5. **Mining Competition and Market Recovery**: China's mining power is intensifying, with a Chinese company reportedly mining one-third of all Bitcoin blocks daily, while"
2024-09-23;{'ada': 39, 'btc': 541, 'eth': 223, 'sol': 37, 'xrp': 33};"1. **Bitcoin Price Action**: Bitcoin is approaching the $65k level, showing signs of a bullish trend with potential for a breakout by the end of the month.
2. **Ethereum Performance**: Ethereum is expected to rise following the Federal Reserve's interest rate cut, with analysts suggesting a potential 10% surge in the ETH/BTC ratio.
3. **Market Sentiment**: The crypto market is seeing buzz among altcoins that could disrupt Ethereum's dominance, with significant inflows driven by Federal Reserve rate cuts.
4. **Institutional Adoption**: Major financial institutions and governments are increasingly adopting blockchain technology, with BlackRock and other firms integrating Chainlink Proof of Reserve.
5. **Gold Comparison**: Wall Street investment banks anticipate gold breaking $2,700 due to expected Federal Reserve rate cuts, potentially offering a 400% return compared to Bitcoin."
2024-09-24;{'ada': 14, 'btc': 558, 'eth': 204, 'sol': 36, 'xrp': 57};"1. **Bitcoin (BTC) Price Analysis**: Analysts predict Bitcoin could reach $120,000, with recent rallies showing gains of over 22% to around $63,200.
2. **Ethereum (ETH) Market Dynamics**: Ethereum is noted as the best crypto to buy now, trading below $4.5 despite recent gains, while facing a potential surge to $5,500–$6,000.
3. **BlackRock ETF Controversy**: BlackRock is under scrutiny for allegedly pressuring Coinbase to ensure its holdings are verified, with the SEC delaying its decision on the spot Ethereum ETF options.
4. **Institutional Adoption Trends**: Financial advisors are increasingly allocating to crypto assets, and major exchanges like Coinbase are expanding their offerings with new protocols and trading pairs.
5. **Altcoin Season Signals**: Analysts suggest an upcoming altcoin season with specific tokens like SUI, RNDR, and TAO seeing double-digit gains alongside Bitcoin's consolidation near $64k."
2024-09-25;{'ada': 50, 'btc': 494, 'eth': 267, 'sol': 73, 'xrp': 25};"1. **Fed Rate Expectations**: Traders pushed expectations for a second consecutive 50 basis point rate hike to 60%.
2. **MicroStrategy & LOKA**: Institutional custodians create opportunities for MicroStrategy; the League of Kingdoms (LOKA) token surged ~20% and saw 155% volume growth due to Binance listing.
3. **SEC Decision**: The U.S. SEC postponed a rule change regarding Nasdaq listing options on the iShares Shiba Inu (SHIB) is currently trading at $0.0000143.
4. **Market Cap & Trading**: MooDeng is valued at over $63 million, primarily traded on Raydium (Solana), while Ark Invest sold ARKB Bitcoin ETF shares for $2.8 million on Sept 23, 2024, to rebalance portfolios.
5. **Price Outlook**: Bitcoin faces resistance at $65,500 and $66,800; if it breaks above $64,750, it could test $66,800, otherwise it may decline toward $63,75"
2024-09-26;{'ada': 12, 'btc': 504, 'eth': 206, 'sol': 50, 'xrp': 24};"1. **Bitcoin Market Dynamics**: Bitcoin is currently trading around $63,000 to $65,000, showing signs of consolidation after a significant price surge since early August.
2. **ETF Inflows and Institutional Adoption**: Spot Bitcoin ETFs recorded significant inflows, with BlackRock's iShares (IBIT) leading the surge, marking a five-day streak of positive activity.
3. **Ethereum Price Action**: Ethereum is experiencing volatility with a 3.2% dip due to whale offloading, while analysts predict a potential surge to $20,000 based on 2023 trends.
4. **Solana and Meme Coin Performance**: Solana is set for a potential historic rally, with meme coins like WIF and BONK surging by 6% to 15.5% following their performance.
5. **Regulatory Stance and Market Outlook**: SEC Chair Gary Gensler has reaffirmed that Bitcoin is not a security, while the crypto space is poised for an exciting quarter with top 25 coins highlighted."
2024-09-27;{'ada': 24, 'btc': 601, 'eth': 204, 'sol': 65, 'xrp': 37};"1. **Bitcoin Price Surge:** Bitcoin has surged past the $65,000 mark, driven by record September gains and ETF inflows.
2. **SEC Approval:** The US Securities and Exchange Commission has approved Bank of New York Mellon to offer digital asset custody services.
3. **Whale Activity:** Over the past three weeks, a large portion of PENDLE has been moved to Binance, the world's largest exchange.
4. **Market Sentiment:** The crypto market is in a strong bullish phase, with top coins like Bitcoin, Ethereum, and Solana showing positive growth.
5. **Ethereum Outlook:** Ethereum is rallying 9% to consolidate above a key support level, with potential for a Q4 price surge."
2024-09-28;{'ada': 3, 'btc': 345, 'eth': 128, 'sol': 31, 'xrp': 25};"1. **Bitcoin ETF Inflows Surge**
   Spot Bitcoin ETFs recorded massive inflows of $494.27 million on September 27, marking a six-day positive streak.

2. **Institutional Interest and Price Action**
   Institutional demand is driving Bitcoin to $66,000, with analysts predicting a potential all-time high by the end of the month.

3. **Regulatory Shift and Market Sentiment**
   The SEC's approval of options for BlackRock's iShares Bitcoin Trust ETF signals a shift toward a crypto-friendly regulatory environment.

4. **Ethereum and Altcoin Performance**
   Ethereum is experiencing a resurgence in inflows after a slow start, while major altcoins like Solana and Bonk are also surging.

5. **Market Valuation and Macro Factors**
   The global cryptocurrency market cap rose to $2.32 trillion, driven by macroeconomic factors including China's stimulus measures and stablecoin inflows."
2024-09-29;{'ada': None, 'btc': 180, 'eth': 85, 'sol': 9, 'xrp': 13};"1. **Market Recovery Driven by Central Bank Stimulus and Phishing Attacks**
   The cryptocurrency market in early 2024 is showing signs of recovery, driven by central bank stimulus measures, political developments, and a surge in phishing attacks.

2. **Charles Hoskinson Criticizes Media for Misrepresenting Governance Views**
   Cardano's Charles Hoskinson criticized media for misrepresenting his views on governance, while a prominent whale lost over $32 million via a malicious transaction.

3. **SEC Delays Decisions on BlackRock and Bitwise's Spot Ethereum ETFs**
   The SEC delayed decisions on BlackRock and Bitwise's spot Ethereum ETFs, despite Bittensor forecasting a shift toward bullish sentiment.

4. **Chainlink Shows Strong Breakout Patterns Amidst Bitcoin's Price Correction**
   While major assets like Bitcoin, Ethereum, and Solana are struggling to gain momentum, Chainlink (LINK) showed strong breakout patterns and potential for a significant rally.

5. **Retail Interest in Bitcoin Grows as Institutional ETFs See Inflows**
   A renewed interest in Bitcoin is seen through the popularity of exchange apps, while US spot Bitcoin ETFs saw their highest"
2024-09-30;{'ada': 13, 'btc': 465, 'eth': 212, 'sol': 47, 'xrp': 39};"1. **BNB vs. Bitcoin:** BNB is currently trading significantly below its all-time high against Bitcoin, though a potential shift toward higher prices is expected.
2. **Ripple (XRP) & BNB:** Following CZ's release from Ripple, XRP minted approximately 99% of its supply in the last 24 hours on Ethereum and XRP ledgers, boosting XRP's price.
3. **Market Outlook:** Bitcoin is approaching $66,000 but remains far from new highs, with the market expected to recover in Q4 2024 driven by U.S. rate cuts and China's monetary stimulus.
4. **Ethereum:** While Ethereum faces challenges with rising fees and ETF limitations, it is showing short-term bullish momentum despite a recent 1.90% price drop.
5. **Regulatory Warning:** The Dutch AF Bitcoin (BTC) Price Correction and Support Levels indicate that the market is currently in a ""bullish"" phase with a strong seasonal pattern where every green September is followed by three consecutive green months."
2024-10-01;{'ada': 4, 'btc': 526, 'eth': 188, 'sol': 35, 'xrp': 53};"1. **Ethereum Market Downturn**: Ethereum faces a potential market downturn as smart money takes profits, despite recent bullish sentiment.
2. **Fee Surge and Competition**: Ethereum's network activity surged, causing gas fees to rise by 498% and diverting investment attention to competitors like Solana and Binance Smart Chain.
3. **Bitcoin Price Outlook**: Bitcoin is expected to end the month with a ~3% loss, facing bearish signals from China and low retail participation despite a 7% gain in September.
4. **Federal Reserve Impact**: The Federal Reserve's comments on interest rate cuts dampened market hopes, while analysts anticipate a liquidity ""tsunami"" from China's central bank.
5. **Institutional Adoption and ETFs**: Spot Bitcoin ETFs recorded significant inflows, with BlackRock's iShares Bitcoin Trust being the largest, while spot Ethereum ETFs experienced outflows."
2024-10-02;{'ada': 18, 'btc': 436, 'eth': 112, 'sol': 31, 'xrp': 50};"1. **Market Dynamics:** Bitcoin is regaining momentum as the U.S. reclaims dominance, driven by rising demand for Spot Bitcoin ETFs.
2. **Geopolitical Impact:** Tensions between Iran and Israel triggered a $248M crypto market liquidation, causing Bitcoin to fail as a safe haven.
3. **Ethereum Outlook:** Analysts predict a potential peak in late Q4 2024 or early 2025 due to reduced exchange liquidity and a cooling U.S. economy.
4. **Bitcoin ETFs:** U.S. spot Bitcoin ETFs recorded $242.53 million in negative flows, signaling a shift from optimistic ""melt-up"" expectations to cautious behavior.
5. **Market Sentiment:** Crypto panic and greed indices dropped to 42, reflecting a shift from optimistic ""melt-up"" expectations to cautious behavior due to Middle East tensions."
2024-10-03;{'ada': 13, 'btc': 512, 'eth': 243, 'sol': 31, 'xrp': 94};"1. **ETF Approval and Market Reaction**: The approval of spot Bitcoin and Ethereum ETFs has boosted wealth managers' interest, but recent dips have triggered sell-offs.
2. **Geopolitical Impact**: Middle East tensions, specifically Iran-Israel conflicts, have caused market volatility, with Bitcoin and altcoins generally down.
3. **XRP Regulatory Status**: XRP dropped 12% to $0.51 after the SEC appealed a court ruling that it is not a security.
4. **Bitcoin Price Correction**: Bitcoin has dropped 10% in four days, falling from $66.8K to $61K, with analysts debating whether this is a correction or the start of a new bull cycle.
5. **Ethereum Ecosystem Value**: Despite positive L2 scaling trends, Ethereum's mainnet is not benefiting from this growth due to weak organic gas fee demand."
2024-10-04;{'ada': 6, 'btc': 575, 'eth': 263, 'sol': 45, 'xrp': 53};"1. **HBO Documentary on Satoshi Nakamoto**: An upcoming HBO documentary is set to reveal the identity of Bitcoin's creator, Satoshi Nakamoto.
2. **Bitcoin Price Consolidation**: Bitcoin is currently consolidating near the $60,000 support level amid geopolitical tensions and macroeconomic concerns.
3. **Ethereum Market Sentiment**: Ethereum is experiencing a bearish trend with significant selling pressure following a large withdrawal of $47.5 million.
4. **Ripple and XRP Analysis**: Ripple is facing a potential drop to $2,100 or lower if it fails to hold the critical support level near $2,150.
5. **Solana and Altcoin Outlook**: Solana is showing signs of a bearish trend with RSI below 50, while other altcoins like Popcat are expected to see significant upside."
2024-10-05;{'ada': 8, 'btc': 333, 'eth': 197, 'sol': 43, 'xrp': 31};"1. **Market Overview & Bitwise**: Bitwise plans to consolidate its three futures-based crypto ETF offerings into a single unified product in December.
2. **US Economy & Jobs Report**: A robust September jobs report and the Fed's easing stance have sparked optimism for ""Uptober"" and a potential Q4 Bitcoin surge.
3. **Bitcoin Price & MVRV**: The asset is currently trading near $2.14 trillion in market cap, with analysts debating whether a break in the MVRV ratio could signal a reversal.
4. **Whale Activity & Security**: A 2009 Bitcoin whale moved $3.6 million ahead of the October 8 documentary, coinciding with warnings of national security risks from centralizing Bitcoin infrastructure.
5. **ETF Flows & Market Outlook**: U.S. spot Bitcoin ETFs recorded significant inflows while analysts predict the market top could occur in mid-September to mid-June 2025."
2024-10-06;{'ada': 3, 'btc': 220, 'eth': 99, 'sol': 10, 'xrp': 6};"1. **Ethereum Price Decline and Market Sentiment**: Ethereum experienced a 10.23% decline over the last seven days, driven by geopolitical tensions and liquidation fears, though a 3.21% rebound occurred on the final day.

2. **Large Wallet Sell-Off**: A significant bearish signal occurred when a wallet address (0xBF4) sold 40,000 ETH worth $101 million, attributed to a large early investor who sold 19,000 ETH earlier this week.

3. **Bitcoin ETF Performance**: The Spot Bitcoin ETFs are the top-performing crypto asset launches of 2024, with BlackRock's IBIT leading at $22.91 billion in assets despite recent bearish trends.

4. **Dogecoin Price Rebound**: Dogecoin is showing signs of a potential rebound, with on-chain data revealing that large institutional investors and ""whales"" have accumulated over $108 million worth of DOGE in a single day.

5. **Bitcoin Price Stabilization**: Bitcoin is currently holding strong at $62,000, trailing 15.6% below its"
2024-10-07;{'ada': 24, 'btc': 574, 'eth': 155, 'sol': 32, 'xrp': 24};"1. **Bitcoin Price Outlook**: Analysts predict Bitcoin could reach $100,000 by year-end due to a potential 161-day consolidation period since the April halving and a high probability of a breakout in the next two to three weeks.

2. **Institutional Demand**: Institutional demand is growing, with BlackRock leading ETF inflows, although weekly outflows for US Bitcoin ETFs reached $300 million, marking the first drop in a month.

3. **Tokenized Bitcoin**: Tokenized Bitcoin is dominated by WBTC, which holds 65% of the market, while other major cryptocurrencies are showing signs of resilience and potential for further gains.

4. **Memecoin Performance**: Memecoins are experiencing significant price movements, with Dog-themed meme coins up and First Neiro On Ethereum (NEIRO) surging 46% in 24 hours.

5. **Ethereum & Vitalik Buterin**: Ethereum co-founder Vitalik Buterin sold 10 billion MOODENG tokens and donated over $640,000 to his biotech charity fund Kanro, aligning with his stance on memecoins."
2024-10-08;{'ada': 14, 'btc': 483, 'eth': 233, 'sol': 50, 'xrp': 24};"1. **FTX Liquidation Plan**: A US bankruptcy court has approved FTX's liquidation plan, allowing it to repay customers with $16 billion in recovered assets.
2. **Bitcoin ETF Flows**: The October 7 Bitcoin Spot ETF saw massive inflows of $235.19 million, while Ethereum ETFs recorded zero net flow.
3. **Ethereum Staking Milestone**: Nearly 29% of the total supply is now staked, reflecting increased investor commitment and potential rewards.
4. **Satoshi Nakamoto Speculation**: The probability of Len Sassaman being Satoshi Nakamoto has plummeted due to his wife's denial and the revelation that HBO documentary producers did not confirm his identity.
5. **Crypto Market Overview**: The crypto market is currently valued at $2.17 trillion with a 0.79% decline, but trading volumes surged 32.09% to $78.72 billion."
2024-10-09;{'ada': 26, 'btc': 677, 'eth': 158, 'sol': 41, 'xrp': 38};"1. **Microstrategy Stock Surge**: Microstrategy's stock rose over 6% today, significantly outperforming Bitcoin's 2% drop and its 185% year-to-date gain.
2. **Coinbase Taproot Integration**: Coinbase announced it will allow users to send Bitcoin directly to Taproot addresses, making transactions easier and more seamless.
3. **HBO Documentary on Satoshi**: An HBO documentary titled ""Money Electric: The Bitcoin Mystery"" is set to explore the origins of Bitcoin, sparking debate regarding the identity of its creator.
4. **Bitcoin Price Consolidation**: Bitcoin is currently consolidating between $61,825 and $62,500, facing a critical test at the $64,000 resistance level.
5. **Shiba Inu Sentiment**: Shiba Inu (SHIB) is experiencing a significant price pump, with analysts predicting a surge despite recent stagnation."
2024-10-10;{'ada': 46, 'btc': 471, 'eth': 220, 'sol': 50, 'xrp': 43};"1. **Bitcoin Price Volatility and ETF Flows**: Bitcoin is trading near $61,000 with significant volatility, facing a potential sharp price move while experiencing a net outflow of $44.5 million from the ARKB Bitcoin ETF.
2. **Ethereum Price Outlook and Support Levels**: Ethereum is consolidating in a bearish zone near $2,300, with analysts predicting a potential drop to $1,600 if it fails to hold the $2,300 support level.
3. **TRX Long-to-Short Ratio**: The Tron (TRX) token maintains a long-to-short ratio of 2.22, the highest since late September 2024.
4. **World Liberty Financial and Aave Partnership**: World Liberty Financial (WLF), backed by Trump family figures, is preparing to launch a DeFi project on the Ethereum mainnet.
5. **SEC Stance and Regulatory Pressure**: The SEC has issued a hard stance against the cryptocurrency industry, labeling it rife with fraudsters and emphasizing the need for adherence to traditional financial regulations."
2024-10-11;{'ada': 6, 'btc': 638, 'eth': 217, 'sol': 42, 'xrp': 30};"1. **Bitcoin Price Forecast**: Analysts suggest Bitcoin could drop to $52,000, with a bullish breakout requiring a clearance of $66,000.
2. **Ethereum & Regulatory Outlook**: While Ethereum faces a bearish trend, analysts anticipate a potential 2025 mega bull run similar to the 2020 cycle.
3. **Solana Meme Coin Activity**: Popcat (POPCAT) and dogwifhat (WIF) are defying the bearish trend despite recent price declines.
4. **US Inflation Impact**: The US Producer Price Index (PPI) at 1.8% is expected to signal a bearish turn for Bitcoin and altcoins.
5. **Legal Case & Whale Activity**: A major whale sold 2,679 ETH, while legal cases continue to emerge involving stolen Bitcoin and regulatory scrutiny."
2024-10-12;{'ada': 6, 'btc': 317, 'eth': 100, 'sol': 16, 'xrp': 33};"1. **Bitcoin Price Volatility**: Bitcoin experienced a sharp drop to a two-week low followed by a brief surge above $63,000, with analysts projecting a potential rally to an all-time high of $78,000.

2. **Ethereum Market Outlook**: Ethereum is trading around $2,458 with a 4.51% gain, yet sentiment remains bearish as the market faces potential declines and regulatory delays.

3. **Institutional and Retail Dynamics**: While institutional buying is evident with BlackRock holding over 369,000 BTC, retail FOMO is absent, suggesting a shift in market dynamics.

4. **Regulatory and Legal Actions**: The SEC has delayed decisions on spot Ethereum ETF options, while the creator of Bitcoin is suing Bitcoin Core developers for a significant legal dispute.

5. **Altcoin Opportunities**: As Bitcoin approaches $100,000, traders are focusing on lower-priced altcoins that could surge significantly, with some projects like Propichain emerging as potential real estate giants."
2024-10-13;{'ada': 26, 'btc': 173, 'eth': 73, 'sol': 10, 'xrp': 15};"1. **Cardano (ADA) Whale Activity**: Cardano experienced a 4% rebound in the past 24 hours, driven by massive transaction volumes from large holders.

2. **Bitcoin ETFs and Holdings**: Spot Bitcoin ETF inflows reached $58.66 billion, with BlackRock holding 40% of the market assets.

3. **Ethereum Whale Transactions**: Ethereum co-founder Vitalik Buterin sold approximately 6 million ETH in just over ten hours.

4. **Bitcoin Legal Disputes**: An IT engineer sued Newport City Council for £495m after accidentally discarding a hard drive containing 8,000 Bitcoin.

5. **Crypto Fraud and Regulation**: BI charged 18 individuals involved in crypto fraud after setting up a fake operation."
2024-10-14;{'ada': 3, 'btc': 549, 'eth': 231, 'sol': 77, 'xrp': 27};"1. **Bitcoin Price Surge**: Bitcoin has rallied to over $66,000, driven by endorsements from U.S. presidential candidates and a potential ""Uptober"" trend.
2. **ETF Activity**: Grayscale has removed live price charts for BTC, ETH, and SOL from search results, while XRP and BNB remain visible.
3. **Market Sentiment**: Analysts anticipate a significant rally by year-end, with Bitcoin breaking the $65k mark and driving altcoin prices higher amid optimism from China and Donald Trump.
4. **Ethereum Developments**: Ethereum co-founder Vitalik Buterin published a new paper outlining potential upgrades to Ethereum's Proof-of-Stake system.
5. **MicroStrategy Strategy**: MicroStrategy has rallied strongly, outperforming Bitcoin itself as the asset surged 4% to $65,400, leveraging its debt to buy more Bitcoin."
2024-10-15;{'ada': 2, 'btc': 776, 'eth': 363, 'sol': 35, 'xrp': 38};"1. **Whale Activity**: A single whale wallet withdrew $2.39 million worth of Uniswap (UNI) from Gate.io.
2. **ETF Inflows**: The 12 spot Bitcoin ETFs recorded their best day in four months, raking in $555.86 million.
3. **Price Action**: Bitcoin surged from $62,050 to a peak of $66,500 on Monday, hovering above $65,000.
4. **Institutional Adoption**: BNY Mellon received regulatory exemption from SAB 121, signaling potential for broader institutional adoption.
5. **Market Outlook**: Analysts predict Bitcoin could hit a new all-time high before the US election, with some forecasts suggesting a surge to $125,000."
2024-10-16;{'ada': 6, 'btc': 801, 'eth': 165, 'sol': 70, 'xrp': 67};"1. **Bitcoin ETF Inflows:** Significant inflows of over $1 billion signal renewed institutional confidence and potential price surges.
2. **Market Momentum:** Bitcoin has broken the $68,000 barrier, signaling renewed market confidence despite some waning demand.
3. **Institutional Adoption:** BlackRock has increased its Bitcoin holdings by 4,323 BTC, signaling growing institutional confidence.
4. **Economic Factors:** The US election cycle and Federal Reserve stimulus are boosting speculative interest and liquidity.
5. **Market Sentiment:** Investors are increasingly viewing Bitcoin as a safer alternative to traditional finance and a hedge against geopolitical tensions."
2024-10-17;{'ada': 5, 'btc': 748, 'eth': 276, 'sol': 77, 'xrp': 34};"1. **Crypto Ownership:** 20% of American adults hold at least one cryptocurrency.
2. **Market Trends:** Bitcoin is approaching a potential new all-time high (ATH), while Dogecoin is showing bullish signs near $0.15.
3. **Kraken Launch:** Kraken introduced a new feature allowing clients to restake ETH directly on the platform, making the process more accessible.
4. **Grayscale Based on Xanrox's analysis, Bitcoin is currently in Wave 5**, the final impulse wave of its cycle.
5. **Bitcoin (BTC):** The daily chart shows a bullish trend with price trading above the 100-day SMA and an RSI of 66%, indicating strong buying interest."
2024-10-18;{'ada': 23, 'btc': 739, 'eth': 218, 'sol': 30, 'xrp': 88};"1. **Bitcoin ETF Inflows and Price Surge**: Spot Bitcoin ETFs recorded significant net inflows, driving Bitcoin's price to near all-time highs and breaking the $68k resistance level.

2. **Ethereum Staking and Network Optimization**: Ethereum is exploring a reduced staking threshold to improve decentralization, while also facing technical challenges and potential price volatility.

3. **Global Market Dynamics and Institutional Adoption**: The crypto market is surging with strong institutional buying, as major players like BlackRock and MicroStrategy increase their Bitcoin holdings.

4. **Altcoin Performance and Regulatory Impact**: While Bitcoin rallies, altcoins like XRP and Dogecoin are also seeing gains, driven by positive news and the potential impact of the US presidential election.

5. **Cryptocurrency Risks and Future Outlook**: The industry faces significant risks due to lack of regulation and high volatility, with experts predicting further price surges and potential resistance levels."
2024-10-19;{'ada': 8, 'btc': 336, 'eth': 134, 'sol': 34, 'xrp': 18};"1. **Memecoin GOAT Achieved Record Returns**
   An anonymous investor achieved a staggering 3,360% return by investing $86,000 in the memecoin GOAT, which surged to a peak value of $3.75 million.

2. **SEC Approves Spot Bitcoin ETF Options**
   The U.S. SEC has approved spot Bitcoin ETF options trading on the NYSE and CBOE, signaling a major shift in market acceptance and liquidity.

3. **Bitcoin Dominance Surged to 65%**
   Bitcoin dominance surged to 65% (highest since early 2021) as spot ETF inflows drove the market and whale activity.

4. **Institutional Staking in Ethereum Reaches 70.2%**
   Institutional participation in Ethereum staking is at 70.2%, with third-party solutions gaining traction to mitigate high entry thresholds.

5. **Dogecoin Surges to $0.134**
   Dogecoin surged 9% in 24 hours, breaking the $0.134 mark and approaching its previous monthly high."
2024-10-20;{'ada': 11, 'btc': 270, 'eth': 81, 'sol': 9, 'xrp': 29};"1. **Funding Surge:** Crypto VC funding spiked significantly over the last seven days, with recent deals like those for Praxis and Blockstream raising six-figure amounts.
2. **Inferno Drainer:** The team behind the ""Inferno"" wallet-draining project has transferred control to rival DaaS provider Angel Drainer, citing it was not easy to quit.
3. **Price Outlook:** Analysts predict Bitcoin could retrace to $63,000 despite the uncertainty surrounding the US election, with spot ETFs accumulating $2.13 billion in net inflows.
4. **Expert Predictions:** While Houghan estimates a six-figure price, Max Keiser predicts Bitcoin could reach $220,000 very soon.
5. **Market Cap:** Bitcoin's market cap reached $2.647 trillion, the highest ever, while Ethereum's price lagged behind."
2024-10-21;{'ada': 9, 'btc': 530, 'eth': 204, 'sol': 42, 'xrp': 36};"1. **Bitcoin Price Outlook**: Analysts predict Bitcoin could reach a new all-time high of $70,000–$75,000 before the US election.
2. **Ethereum Staking Thresholds**: Ethereum co-founder Vitalik Buterin is considering reducing the staking threshold from 32 ETH to just 1 ETH.
3. **Solana Market Cap**: Solana meme coins surged to a $11.38 billion market cap, with Dogecoin and Shiba Inu emerging as top rivals.
4. **ApeCoin Growth**: ApeCoin has experienced massive market growth, trading at over $1.84 billion in volume and breaking into $1 billion market capitalization within 24 hours.
5. **Marathon Digital Pivot**: Marathon Digital is shifting its focus to the AI and high-performance computing (HPC) sector, aiming to reach 50 EH/s by 2024."
2024-10-22;{'ada': 13, 'btc': 598, 'eth': 189, 'sol': 32, 'xrp': 23};"1. **Bitcoin ETF Inflows**: U.S. spot Bitcoin ETFs recorded a combined net inflow of $297.6 million on Oct 21, 2024, marking the seventh consecutive day of gains.

2. **Ethereum Market Performance**: Ethereum is currently trading below $2,680, facing resistance near $2,700 and $2,725, with analysts suggesting it could re-test resistance levels around $2,640.

3. **Solana and XRP**: Solana showed resilience with upward targets despite Bitcoin's decline, while XRP is trading in a range between $0.5320 and $0.5600.

4. **Bitcoin Price Outlook**: Analysts forecast a potential price breakout for Bitcoin and Ethereum in November, driven by rising trading volume and positive signals.

5. **Institutional Dominance**: MicroStrategy CEO Michael Saylor asserts that large financial institutions will control a significant portion of Bitcoin's supply, viewing this as a sign of increased security and stability."
2024-10-23;{'ada': 14, 'btc': 646, 'eth': 189, 'sol': 53, 'xrp': 29};"1. **Bitcoin ETF Flows and Regulatory Shifts**
   The U.S. SEC approved spot Bitcoin ETFs, leading to a net outflow of $79.12 million on October 22, 2024, while institutional buying continues to surge.

2. **Bitcoin Price Volatility and Resistance Levels**
   Bitcoin is currently testing support near $66,000 to $67,000, facing a potential pullback as it struggles to break past the $70,000 resistance level.

3. **Bitcoin Mining Facility Acquisition**
   BitFuFu plans to acquire a majority stake in an 80-megawatt mining facility in Ethiopia to lower operational costs and improve profitability.

4. **Bitcoin Dominance and Market Sentiment**
   Bitcoin's dominance reached a new cycle high of 58.9%, signaling a new all-time high for BTC while causing altcoins to underperform.

5. **Bitcoin and Ethereum Price Targets**
   Analysts forecast Bitcoin could reach $200,000 by late 2025, while Ethereum is expected to approach a critical $2,440"
2024-10-24;{'ada': 36, 'btc': 722, 'eth': 235, 'sol': 94, 'xrp': 37};"1. **Bitcoin Price Analysis**: Bitcoin is currently trading below the $67,500 resistance zone, testing the $65,200 support level.
2. **Ethereum Market Sentiment**: Ethereum is currently in a short-term bearish zone, trading below the $2,550 support level.
3. **Solana Performance**: Solana is gaining significant momentum, outperforming Ethereum and Bitcoin with a 30% increase since early October.
4. **Institutional Adoption**: BlackRock and ARK are leading institutional Bitcoin fund ownership, signaling significant institutional adoption.
5. **Market Outlook**: Analysts anticipate a potential surge to $100,000 as the ""golden cross"" approaches."
2024-10-25;{'ada': 41, 'btc': 684, 'eth': 223, 'sol': 47, 'xrp': 29};"1. **Bitcoin Price Analysis**: Bitcoin is currently trading around $67,000, showing a 2.4% daily gain and displaying bullish signals via the weekly MACD indicator.
2. **ETF Flows and Institutional Interest**: BlackRock's IBIT is outperforming other funds with massive daily inflows, while Microsoft has decided not to include Bitcoin in its treasury assets despite previous interest.
3. **Market Sentiment and Outlook**: Analysts predict Bitcoin could reach $100,000 within the next year due to institutional adoption and macroeconomic factors, though some warn of a potential downturn in memecoins.
4. **Election Impact and Regulatory Developments**: The upcoming U.S. election is expected to drive Bitcoin volatility, with a potential Trump victory leading to a $92,000 target and a Harris victory causing a temporary dip.
5. **Technical Indicators and Cycle Predictions**: Bitcoin is currently in a consolidation phase trading between $66.6K and $69.5K, with analysts expecting it to break above $70,000 and potentially reach $180k-$300k once new all-time highs"
2024-10-26;{'ada': 20, 'btc': 341, 'eth': 210, 'sol': 53, 'xrp': 12};"1. **Dogecoin Price Targets**: Analysts predict Dogecoin could reach $0.18–$10, with potential rallies to $3.7 next year based on bullish chart patterns and rising miner profits.
2. **Bitcoin ETF Activity**: Spot Bitcoin and Ethereum ETFs saw positive inflows on Oct. 24, with Blackrock's IBIT leading at $16, while Tether faced a criminal investigation.
3. **Bitcoin Reserve Asset Status**: Market experts argue Bitcoin is a viable modern reserve asset for central banks due to its liquidity, inflation resistance, and security via mining.
4. **Ethereum vs. Bitcoin Dynamics**: While Ethereum has lost gains to Bitcoin, the BTC/ETH ratio has widened to just under 27, signaling a divergence in market performance.
5. **Institutional Crypto Investment**: Emory University committed $15M to Grayscale's Bitcoin ETF, becoming the first U.S. university to publicly invest in the asset."
2024-10-27;{'ada': None, 'btc': 259, 'eth': 124, 'sol': 48, 'xrp': 5};"1. **Bitcoin Price Consolidation and Resistance Levels**: Bitcoin is currently consolidating near the $67,000 to $69,000 price range, with key resistance levels at $70,000 and $71,000, while a potential breakout toward $230,000 is supported by a cup-and-handle pattern.

2. **Institutional ETF Inflows and Market Capitalization**: Spot Bitcoin ETFs have recorded nearly $1 billion in inflows, with BlackRock's IBIT alone contributing $291 million, driving Bitcoin's dominance to 59.75% and its market cap to over $120 billion.

3. **Whale Activity and Short Squeeze Potential**: Whale activity spiked recently, with analysts warning that a potential ""short squeeze"" could trigger a rally toward all-time highs if the price breaks above the critical $69,000 threshold.

4. **Ethereum and Solana Price Movements**: Ethereum is rebounding after hitting a critical support level near $2,400, while Solana is testing liquidity above the $171 support zone, with analysts predicting a potential"
2024-10-28;{'ada': 29, 'btc': 504, 'eth': 169, 'sol': 61, 'xrp': 22};"1. **Cardano and Ethereum Market Activity**: Cardano's founder noted a critical support level for Bitcoin, while Ethereum experienced a spike in whale activity with a projected price surge to $4,000–$6,000.
2. **Bitcoin ETF Inflows and Price Targets**: Bitcoin ETFs saw a $188 million inflow, with analysts predicting a potential price surge to $70,000–$73,000 following the US election.
3. **Metaplanet's Bitcoin Acquisition**: The Japanese investment firm Metaplanet acquired over 1,000 BTC, becoming Asia's second-largest corporate holder behind Boyaa Interactive International.
4. **Institutional Adoption Milestones**: Emory University became the first U.S. university endowment to hold Bitcoin ETF shares, with Grayscale's offering reaching $15.8 million.
5. **Solana and XRP Price Analysis**: Solana is expected to rise by 15% before the month-end, while XRP is attempting a recovery from the $0.4880 zone."
2024-10-29;{'ada': 24, 'btc': 924, 'eth': 193, 'sol': 58, 'xrp': 21};"1. **Bitcoin ETF Inflows and Institutional Adoption**
   BlackRock and Fidelity are driving record inflows into Bitcoin ETFs, signaling strong institutional confidence in the asset's value.

2. **Election Cycle Impact on Crypto Markets**
   Speculation that Donald Trump will win the U.S. election is driving a significant rally in Bitcoin and other altcoins.

3. **Whale Activity and Exchange Liquidity**
   Large-scale transfers of Bitcoin to centralized exchanges like Binance are fueling the current price surge.

4. **Technical Resistance and All-Time High Targets**
   Bitcoin is currently testing critical resistance levels near $72,000–$73,000, with analysts projecting a potential all-time high.

5. **Meme Coin and Altcoin Volatility**
   While Bitcoin dominates, meme coins like Dogecoin are experiencing explosive gains as the broader market rallies."
2024-10-30;{'ada': 38, 'btc': 800, 'eth': 181, 'sol': 34, 'xrp': 46};"1. **Bitcoin ETF Inflows Surge**: Spot Bitcoin ETFs recorded massive inflows, with BlackRock's IBIT ETF hitting $3.36 billion in trading volume on October 29, signaling strong institutional and retail interest.

2. **Price Action Approaching All-Time High**: Bitcoin is currently trading near its all-time high of $73,800, having recently surged past the $70,000 psychological level and breaking the $73,000 barrier.

3. **Market Sentiment at High Levels**: The Fear & Greed Index is at 67, indicating ""Greed"" despite profit-taking curbs, while whale activity and potential Trump victory narratives drive bullish momentum.

4. **Technical Breakouts and Resistance**: Analysts project a potential range of $94,000 to $160,000 for Bitcoin, with key resistance levels including the $73,000 and $70,000 zones that could be tested.

5. **Institutional Adoption and Meme Coin Gains**: Institutional interest is driving price growth, while meme coins like Dogecoin and Pepe have seen double-digit gains, reflecting"
2024-10-31;{'ada': 51, 'btc': 788, 'eth': 136, 'sol': 61, 'xrp': 36};"1. **Ethereum (ETH) Price Action**: Ethereum is experiencing a robust bullish trend, trading near its yearly high near $73,500.
2. **Bitcoin (BTC) Market Outlook**: Bitcoin is approaching its all-time high of $73,949, driven by the upcoming U.S. presidential election.
3. **MicroStrategy (MSTR) Strategy**: MicroStrategy plans to raise $42 billion to buy Bitcoin, aiming to increase its holdings by an additional $42 billion over the next three years.
4. **BlackRock (IBIT) Inflows**: BlackRock's iShares Bitcoin ETF saw record inflows, with a single-day purchase of $896 million marking a new all-time high.
5. **Coinbase (COIN) Performance**: Coinbase reported a quarter-over-quarter drop in operating costs despite a 6% decline in revenue, facing a SEC Wells Notice in early 2021."
2024-11-01;{'ada': 23, 'btc': 788, 'eth': 319, 'sol': 55, 'xrp': 67};"1. **Bitcoin ETF Inflows Surge**: Spot Bitcoin ETFs recorded significant inflows, with BlackRock's IBIT ETF leading at $318.8M, reflecting strong institutional interest ahead of the US election.

2. **Ethereum Consolidation and Weakness**: Ethereum is currently in its 12th week of consolidation, trading around $2,687, with technical analysis suggesting a shift from bearish to bullish trends.

3. **Bitcoin Price Volatility**: Bitcoin is currently trading near $70,000, facing selling pressure and a potential drop to $69,000, driven by risk-off sentiment and election-related market reactions.

4. **MicroStrategy and Institutional Adoption**: MicroStrategy Inc. surpassed Coinbase in market capitalization, reaching $49.77 billion, while Adam Back confirms Bitcoin is sufficiently bootstrapped from strong institutional interest.

5. **Global Market Cap and Sentiment**: The global crypto market cap dropped to $2.35 trillion, with Bitcoin falling below $70K and Ethereum trading in the red, indicating a shift from speculative futures trading to spot investor demand."
2024-11-02;{'ada': 31, 'btc': 380, 'eth': 167, 'sol': 69, 'xrp': 29};"1. **Bitcoin Price Volatility**: Bitcoin experienced a sharp drop from $73,000 to $69,000 on November 1st, wiping out $296 million in liquidations due to a ""Moonvember"" crash driven by regional conflict and market uncertainty.

2. **US Election Impact**: The upcoming US election is expected to cause volatility in the crypto market, with investor interest surging following Donald Trump's potential victory and BlackRock's iShares Bitcoin Trust recording its highest inflow in three weeks.

3. **MicroStrategy Holdings**: MicroStrategy moved 1,652 BTC to a new wallet, signaling a potential intent to hold rather than sell, as the firm still holds 252,220 BTC despite recent price increases.

4. **Ethereum ETF Flows**: Despite a $3.3 billion inflow into Bitcoin-related products, Ethereum ETFs remain a ""massive dud,"" with a net daily flow of negative $468 million driven entirely by fee flight out of Grayscale's ETHE fund.

5. **SUI and Cardano Performance**: Analysts expect Shiba Inu (SHIB) to surge during"
2024-11-03;{'ada': 6, 'btc': 242, 'eth': 79, 'sol': 82, 'xrp': 6};"1. **Bitcoin Price Outlook**: Analysts predict a strong bullish outlook for the memecoin Goatseus Maximus, citing a historic Bitcoin price peak of over $100,000.
2. **Bitcoin ETF Performance**: The US Bitcoin ETFs recorded their first net outflow, with Spot Bitcoin ETFs failing to drive the price up despite significant inflows.
3. **Bitcoin Liquidation Risk**: Recent data from Coinglass indicates that if Bitcoin's price drops below $67,000, it could trigger further liquidation cascades.
4. **Bitcoin ETFs and Price Action**: Despite ETF inflows, Bitcoin failed to reach its all-time high of $73,750, currently trading around $68,100.
5. **Solana Ecosystem Growth**: Solana's total funding rose 54% to $173 million, marking the highest quarterly raise since Q2 2022."
2024-11-04;{'ada': 16, 'btc': 542, 'eth': 182, 'sol': 56, 'xrp': 19};"1. **Election Impact on Bitcoin:** The upcoming U.S. presidential election is driving heightened volatility in the cryptocurrency market, with Bitcoin expected to swing approximately 8% following the Nov. 7 vote, potentially reaching new highs or dropping depending on the outcome of the Trump-Harris race.

2. **Bitcoin ETF Inflows:** Record inflows are expected ahead of the election, with BlackRock's iShares Bitcoin Trust (IBIT) reporting its largest weekly net inflows since March, reflecting strong investor confidence and potential upward pressure on Bitcoin's price.

3. **Bitcoin Price Targets:** Analysts predict Bitcoin could reach $100,000 if Donald Trump wins, with a potential surge to $200,000 by the end of 2025, while a drop is expected if Kamala Harris wins.

4. **Ethereum Market Sentiment:** Ethereum is facing significant volatility as it trades near a critical demand level around $2,450, with analysts warning that failing to hold this support could trigger a sharp decline, potentially under $1,880.

5. **Bitcoin Mining Projects:** Deutsche Telekom is pioneering green Bitcoin mining in Germany by launching a"
2024-11-05;{'ada': 13, 'btc': 851, 'eth': 145, 'sol': 47, 'xrp': 21};"1. **Bitcoin ETF Outflows Signal Instability**: The 11 US spot Bitcoin ETFs recorded a net outflow of $541.1 million on Nov. 4, signaling potential market instability and heightened volatility amid upcoming political and economic events.

2. **Election Impact on Market Sentiment**: Despite the uncertainty, analysts suggest a Trump victory could trigger a massive Bitcoin surge, potentially reaching $2 million by 2025, while a Harris win would likely cause a price drop.

3. **Mining Difficulty Hits Historic High**: Bitcoin's mining difficulty has hit a new all-time high of 101.65 trillion, intensifying competition and posing challenges for small-scale miners.

4. **Institutional Adoption and Pension Funds**: The UK pension scheme's decision to allocate 3% of its assets to Bitcoin marks a major milestone in institutional acceptance, while pension funds are advised to allocate portions of their assets to Bitcoin for security and profit-taking.

5. **Portfolio Optimization Strategies**: Research analyzing a 60/40 portfolio found that allocating 3% to 3% of the portfolio to Bitcoin and Ethereum yielded the highest risk-adjusted returns, with a 71."
2024-11-06;{'ada': 4, 'btc': 814, 'eth': 296, 'sol': 127, 'xrp': 21};"1. **Bitcoin Price Surge:** Following Donald Trump's election victory, Bitcoin reached a new all-time high of approximately $75,000 to $75,400.
2. **ETF Activity:** BlackRock's iShares Bitcoin Trust ETF recorded significant trading volume, signaling strong institutional interest post-election.
3. **Regulatory Optimism:** Pro-crypto incumbents and the new administration are expected to implement favorable policy changes to strengthen the U.S. crypto industry.
4. **Market Volatility:** The market experienced significant short liquidations and volatility, with some analysts warning of potential recessionary impacts from tariffs.
5. **Ethereum Performance:** Ethereum experienced a sharp positive spike in exchange netflow, driven by investors depositing funds into derivatives exchanges."
2024-11-07;{'ada': 5, 'btc': 709, 'eth': 306, 'sol': 109, 'xrp': 58};"1. **Bitcoin Price Action**: Bitcoin reached a new all-time high of approximately $76,000 following Donald Trump's election victory.
2. **Ethereum (ETH) Outlook**: Ethereum is showing signs of a new uptrend, driven by increased DeFi activity and the selling pressure from long-term holders.
3. **Solana (SOL) Outlook**: Solana recently hit record fee production, surpassing Bitcoin, with analysts predicting a potential surge to $250,000.
4. **Market Sentiment**: The election has fueled optimism, with meme coins surging 40–55% and Ethereum potentially breaking through Bitcoin.
5. **Institutional Adoption**: Major financial institutions like JP Morgan and Fidelity have expressed confidence that Trump's stance will drive BTC higher."
2024-11-08;{'ada': 33, 'btc': 862, 'eth': 313, 'sol': 60, 'xrp': 83};"1. **Bitcoin ETF Inflows**: BlackRock's iShares Bitcoin Trust recorded record inflows, signaling strong institutional interest following Donald Trump's election victory.
2. **Ethereum Price Targets**: Analysts predict Ethereum could reach $3,000 to $5,000 in the short term, anticipating a rally once Bitcoin's market dominance surpasses 60%.
3. **Market Sentiment**: The crypto market is experiencing a massive uptrend, with memecoins like GOAT and NEIRO seeing meteoric gains.
4. **Bitcoin Price Levels**: Bitcoin has reached a fresh all-time high near $77,000, driven by the launch of BlackRock's Bitcoin ETF and the U.S. Federal Reserve's interest rate cut.
5. **Regulatory Shifts**: A pro-crypto administration is expected to pass the ""Bitcoin Act,"" providing the regulatory clarity needed for institutional adoption."
2024-11-09;{'ada': 27, 'btc': 534, 'eth': 247, 'sol': 36, 'xrp': 59};"1. **Bitcoin's All-Time High:** Bitcoin reached a new all-time high of $77,000 following the U.S. election victory and Federal Reserve interest rate cuts.
2. **Ethereum's Price Surge:** Ethereum surged to a new all-time high of $3,000, driven by increased ETF investor interest and regulatory shifts.
3. **Market Capitalization Milestone:** Coinbase Wrapped Bitcoin (cbBTC) reached $1 billion in market capitalization, marking a milestone for the SPL token.
4. **Institutional Adoption:** Institutional investors are doubling down on Bitcoin holdings, with significant inflows observed in the crypto market.
5. **Political Catalyst:** President Trump's 2.0 mandate is expected to expand Bitcoin's role, potentially fulfilling promises to defend the right to mine and self-custody digital assets."
2024-11-10;{'ada': 10, 'btc': 369, 'eth': 91, 'sol': 19, 'xrp': 43};"1. **Bitcoin Price Outlook**: Analysts predict Bitcoin could reach $85,360 or higher following the US election and Fed rate cut.
2. **Ethereum Market Sentiment**: Vitalik Buterin discussed prediction markets and digital Bitcoin Price Outlook & Market Sentiment.
3. **Current Market Status**: Bitcoin trades at $76,395 with a 0.49% gain in the last 24 hours.
4. **Key Resistance Levels**: The next major resistance level is $78,000, with a potential target of $85,360.
5. **Bullish Drivers**: Donald Trump's victory and proposed policies have boosted Bitcoin's price and potential for further gains."
2024-11-11;{'ada': 49, 'btc': 896, 'eth': 184, 'sol': 58, 'xrp': 47};"1. **Bitcoin Surges to Record All-Time Highs**
   Following Donald Trump's election victory, Bitcoin reached new all-time highs, with prices hitting $84,000 and $88,000, driven by institutional buying and regulatory optimism.

2. **MicroStrategy Accumulates Massive Bitcoin Holdings**
   MicroStrategy acquired 27,200 BTC for $2.03 billion, bringing its total holdings to nearly $23 billion and signaling continued bullish sentiment.

3. **Market Capital Reaches Trillion Dollar Milestone**
   The total cryptocurrency market cap surpassed $3 trillion, reflecting a robust rally fueled by record ETF inflows and positive regulatory expectations.

4. **Institutional Confidence and Regulatory Optimism**
   Analysts anticipate further gains as the administration potentially deregulates regulations and expands digital asset usage under the new administration.

5. **Potential Price Targets and Corrections**
   While experts predict a potential correction near $77,000-$85,000, the current price action suggests a continued rise toward $100,000."
2024-11-12;{'ada': 25, 'btc': 1213, 'eth': 262, 'sol': 100, 'xrp': 76};"1. Bitcoin surged to record highs near $90,000 following Donald Trump's election victory.
2. Institutional investors are driving unprecedented market growth with record ETF inflows.
3. The market is currently consolidating after a significant drop of over $170 million.
4. Analysts predict a potential price target of $100,000 by year-end.
5. Dogecoin is expected to see a significant price increase in 2024."
2024-11-13;{'ada': 20, 'btc': 980, 'eth': 233, 'sol': 52, 'xrp': 51};"1. **Bitcoin Price Surge:** Bitcoin has surged to an all-time high of $90,000, driven by anticipated government support and institutional adoption following Donald Trump's election victory.
2. **Institutional Adoption:** Major financial institutions, including BlackRock and Fidelity, are increasing their holdings of Bitcoin through ETFs and treasury strategies.
3. **Ethereum Outlook:** Analysts predict Ethereum could reach significant price targets, with some suggesting it could reach $60,000 or higher depending on market conditions.
4. **Solana Performance:** Solana is currently outpacing Ethereum in economic metrics and is projected to reach $60,000 by the end of the year.
5. **Market Sentiment:** Despite recent price corrections, the prevailing sentiment remains bullish, with many analysts expecting further gains as the market approaches a potential $100,000 target."
2024-11-14;{'ada': 35, 'btc': 1082, 'eth': 170, 'sol': 63, 'xrp': 46};"1. **Ethereum Price Surge**: Ethereum's price has surged above $3,200, signaling a potential post-rally pullback toward $4,000 as Bitcoin's strength drives market recovery.
2. **Bitcoin Reserve Bill**: The U.S. Senate hopes to pass a Bitcoin reserve bill in the first 100 days of Donald Trump's presidency, with Republican consultation on crypto policy.
3. **S&P 500 and GBTC Performance**: The S&P 500 closed 2.90% higher at $71.23, while Grayscale Bitcoin Trust ETF (GBTC) saw a 36% increase over the past month.
4. **Bitcoin Performance and Dogecoin**: Bitcoin surged since the election, briefly touching $93,000 before retracing to $92.5, while Dogecoin is poised for a potential 1,000% to 8,000% monthly breakout.
5. **Canaan and Market Dynamics**: Canaan Inc. launched new miners achieving 150 TH/s efficiency, while mining hardware prices typically move in tandem with Bitcoin, currently favoring miners."
2024-11-15;{'ada': 36, 'btc': 914, 'eth': 140, 'sol': 41, 'xrp': 69};"1. **Market Sentiment:** The cryptocurrency market is heating up in November, with Bitcoin and Ethereum seeing significant price surges.
2. **Bitcoin Outlook:** Despite recent gains, analysts like Gary Gensler and Matthew Sigel remain bullish, predicting Bitcoin could reach $180,000 by next year.
3. **Regulatory Context:** SEC Chair Gary Gensler continues to defend strict crypto regulations, while President-elect Donald Trump's administration is expected to support digital assets.
4. **Market Activity:** EDX Markets saw a 59% surge in daily trading volume in Q3 2024, while the Bhutan government sold over 12,000 BTC on Binance to secure profits.
5. **Legal Developments:** US authorities arrested Ilya Lichtenstein and his wife in 2022 for laundering Bitcoin linked to Bitfinex, with speculation that Trump's administration could eliminate capital gains taxes on crypto assets."
2024-11-16;{'ada': 15, 'btc': 476, 'eth': 127, 'sol': 18, 'xrp': 44};"1. **Trump's Crypto Policy**: President-elect Donald Trump plans to establish a national Bitcoin reserve, which could trigger global competition and boost institutional adoption.
2. **ETF Approval**: The SEC granted expedited approval for a new ETF featuring spot Bitcoin and carbon credits, signaling a shift in regulatory stance.
3. **Market Performance**: The cryptocurrency market cap reached $2.9T, with Bitcoin hitting an all-time high of $93K and Ethereum at 14%.
4. **Regulatory Shift**: Former SEC Chair Gary Gensler is expected to be fired, potentially alleviating pressure on XRP prices and signaling a more crypto-friendly administration.
5. **Institutional Adoption**: Major corporations like Johnson & Johnson, IBM, and Nike are among the largest crypto asset holders, driving significant market growth."
2024-11-17;{'ada': 3, 'btc': 322, 'eth': 83, 'sol': 30, 'xrp': 79};"1. **Bitcoin Price Surge**: Bitcoin is surging toward its previous high of $93,257, driven by renewed momentum and a potential $3.67M whale joining the presale.
2. **Market Cap Milestone**: The market cap has crossed the $3 trillion mark, with Bitcoin currently holding above the $85,211 support level.
3. **Technical Indicators**: Technical indicators, including a 4-hour RSI climbing to 61%, suggest the uptrend is gaining traction.
4. **Political Influence**: The upcoming US Presidential election and Donald Trump's inauguration are expected to trigger a bullish market movement.
5. **Corporate Ownership**: MicroStrategy is now the leading corporate Bitcoin investor with reserves valued at ~$26 billion."
2024-11-18;{'ada': 23, 'btc': 880, 'eth': 129, 'sol': 54, 'xrp': 55};"1. **Bitcoin Price Analysis**: Bitcoin is currently trading near an all-time high of $93,400, with analysts predicting a potential breakout to $100,000 by the end of 2024.
2. **MicroStrategy Holdings**: MicroStrategy has acquired 51,780 Bitcoin tokens for $4.6 billion, bringing its total holdings to nearly $30 billion and signaling continued bullish momentum.
3. **Institutional Adoption**: BlackRock's iShares Bitcoin Trust (IBIT) options are set to begin trading on the Nasdaq, reflecting strong institutional backing for the asset.
4. **ETF Performance**: Spot Bitcoin ETFs saw $1.67 billion in net inflows last week, driven by President-elect Donald Trump's support and growing global demand.
5. **Market Outlook**: Analysts suggest Bitcoin could reach $150,000 if President-elect Trump's pro-crypto promises are enacted, including expanding CFTC authority and establishing a national Bitcoin reserve."
2024-11-19;{'ada': 15, 'btc': 1206, 'eth': 117, 'sol': 94, 'xrp': 58};"1. Bitcoin is trading near its all-time high of $94,000, driven by ETF optimism and potential US Strategic Bitcoin Reserve policies.
2. MicroStrategy plans to raise $1.75 billion to acquire more Bitcoin, capitalizing on the current bull market.
3. The crypto market is experiencing euphoria with 99.3% of unspent transaction outputs in profit.
4. Dogecoin broke out from a consolidation range, trading near $0.40 and showing signs of a potential 120% rally.
5. Solana outpaced Ethereum in daily fees, setting new records as the broader market sees significant growth."
2024-11-20;{'ada': 64, 'btc': 986, 'eth': 188, 'sol': 46, 'xrp': 87};"1. **Bitcoin Price Surge**: Bitcoin has reached an all-time high of approximately $94,000, driven by institutional adoption and record-breaking institutional buying.
2. **Institutional Adoption**: Major financial players like BlackRock and MicroStrategy are increasing their Bitcoin holdings and exploring options trading on their ETFs.
3. **Regulatory Shift**: President-elect Donald Trump has nominated Howard Lutnick to lead the U.S. Department of Commerce, signaling a growing institutional preference for Bitcoin ETFs.
4. **Market Outlook**: Analysts predict a potential decline in Bitcoin starting in December, with altcoins potentially beginning to rise in late November.
5. **Corporate Strategy**: Companies like Rumble and Hoth Therapeutics are adopting Bitcoin as a strategic reserve asset, signaling a major shift in corporate treasury policies."
2024-11-21;{'ada': 41, 'btc': 919, 'eth': 214, 'sol': 43, 'xrp': 32};"1. **Bitcoin ETF Inflows and Market Dominance**: US spot Bitcoin ETFs have surpassed $100 billion in assets, with BlackRock leading at $626.5 million, while Bitcoin's market capitalization is nearing $2 trillion.

2. **Institutional Adoption and MicroStrategy**: MicroStrategy has surged to the top 100 U.S. public companies with its stock price rising 915% following a $4.6 billion Bitcoin purchase, driven by CEO Michael Saylor's strategy.

3. **Trump Administration and Regulatory Support**: President-elect Donald Trump is expected to establish a ""crypto czar"" role and a Strategic Bitcoin Reserve, signaling a pro-crypto stance that drives market sentiment.

4. **Price Forecasts and Milestones**: Analysts predict Bitcoin could reach six-figure prices by repeating historical patterns, with some experts projecting up to $1 million by 2029 and a potential $100,000 milestone.

5. **Ethereum and Market Cycles**: Ethereum has rallied 640% since November 2024, while the crypto market is seeing significant volatility as Bitcoin approaches its historic $100,0"
2024-11-22;{'ada': 32, 'btc': 1197, 'eth': 262, 'sol': 74, 'xrp': 66};"1. **Bitcoin Approaching $100,000 Milestone**
   Bitcoin is approaching a historic all-time high of $100,000, driven by institutional demand, ETF inflows, and potential regulatory support from the Trump administration.

2. **SEC Chair Resignation and Regulatory Shift**
   The resignation of SEC Chair Gary Gensler signals a potential shift in U.S. crypto regulation, with the administration considering the creation of a ""crypto czar"" and a strategic Bitcoin reserve.

3. **MicroStrategy's Bitcoin Acquisition Strategy**
   MicroStrategy is aggressively acquiring more Bitcoin through convertible note offerings, aiming to increase its holdings to over 331,200 BTC valued at approximately $32.5 billion.

4. **Ethereum and Solana Market Activity**
   Ethereum is showing signs of a potential breakout while Solana has hit a new record high, reflecting broader bullish sentiment across the cryptocurrency sector.

5. **MicroStrategy Stock Valuation Concerns**
   Despite Bitcoin's rally, MicroStrategy's stock faces significant overvaluation concerns, with analysts warning of potential pullbacks if the stock trades at a premium to its Bitcoin holdings."
2024-11-23;{'ada': 65, 'btc': 445, 'eth': 143, 'sol': 52, 'xrp': 73};"1. **Bitcoin Approaches $100,000 Threshold**
Bitcoin is currently trading near $99,000, just $140 away from the psychological barrier of $100,000, with analysts anticipating a potential $20,000 cycle top for Ethereum.

2. **Scott Bessent Selected as U.S. Treasury Secretary**
Donald Trump has nominated Scott Bessent, a crypto enthusiast and former hedge fund manager, as his pick for Treasury Secretary, signaling a potential shift toward embracing cryptocurrency and free market principles.

3. **Institutional Adoption Driven by ETF Inflows**
U.S. Spot Bitcoin ETFs recorded a record $485.8 million in net inflows on November 22, signaling strong investor confidence and driving Bitcoin's rally to $99,800.

4. **Ethereum Mirrors Trump's Victory in Market Rally**
Ethereum is currently trading above $3,300, mirroring Donald Trump's victory which sparked a market rally, with the S&P 500 jumping 3% and small-cap stocks rising nearly 5%.

5. **"
2024-11-24;{'ada': 29, 'btc': 278, 'eth': 137, 'sol': 41, 'xrp': 77};"1. **Ethereum ETFs Signal Price Recovery**
   Following six consecutive days of outflows, the spot Ethereum ETFs registered a net inflow of $91.21 million, signaling a shift in investor sentiment and driving ETH's price upward.

2. **Bitcoin Approaches $100,000 Psychological Level**
   Despite a brief failed breakout, Bitcoin remains in a strong ""only up"" phase, approaching the $100,000 milestone driven by record-breaking open interest and whale capital.

3. **Cardano Experiences Phenomenal Run**
   Cardano (ADA) surged 211% in November, pushing its market cap over $1 billion for the first time since April 2022, reflecting a strong bullish outlook.

4. **XRP Targets $10 Price Point**
   Analysts predict XRP could reach $10, citing factors such as a potential legal resolution with the SEC, global reserve potential, and Elon Musk's partnership with X.

5. **Polkadot Surges 52% This Week**
   Polkadot (DOT) is experiencing a significant rally with gains of over"
2024-11-25;{'ada': 34, 'btc': 1481, 'eth': 302, 'sol': 93, 'xrp': 128};"1. **Bitcoin Price Action**: Bitcoin is approaching the $100,000 psychological threshold after a recent dip to $95,000.
2. **MicroStrategy Holdings**: Michael Saylor's company has acquired 55,500 BTC, bringing its total holdings to approximately 386,700 BTC.
3. **Tether Liquidity**: Tether minted approximately $3 billion in USDT, signaling strong bullish sentiment and institutional adoption.
4. **ETF Inflows**: Spot Bitcoin ETFs recorded massive inflows, with BlackRock's iShares Trust attracting nearly $2.3 billion.
5. **Regulatory Shifts**: The SEC delayed an ETF decision while South Korea implemented a 20% tax on crypto profits."
2024-11-26;{'ada': 44, 'btc': 1284, 'eth': 316, 'sol': 129, 'xrp': 98};"1. **MicroStrategy and Bitcoin Holdings:** MicroStrategy has significantly increased its Bitcoin reserves to approximately 386,700 BTC, a total cost of $21.9 billion, driven by significant corporate adoption.
2. **ETF Flows and Market Sentiment:** Spot Bitcoin ETFs recorded a net outflow of $268 million, contributing to a $435 million total outflow across Bitcoin ETFs, marking a bearish shift as BTC dipped below $93,000.
3. **Ethereum and USDT Supply:** Ethereum has reclaimed the top spot for USDT supply with a supply of $60.3 billion, following a surge above $3.4K and driven by bullish conditions and renewed investor enthusiasm.
4. **Bitcoin Price Outlook:** Analysts expect a short-term rebound, with the next critical support level being $84,000 (aligned with the 4-hour 200 EMA), while a drop below this could trigger further declines.
5. **Regulatory Developments:** The UK's daily transaction count hit an all-time high of 9.2 million, with the UK's daily transaction count hit an all-time"
2024-11-27;{'ada': 42, 'btc': 1223, 'eth': 299, 'sol': 108, 'xrp': 112};"1. **Bitcoin ETF Fluctuations**: U.S. spot Bitcoin ETFs recorded a combined net outflow of $122.78 million on November 26, marking the second consecutive day of outflows.
2. **Institutional Demand**: Institutional investors are increasingly interested in Bitcoin, evidenced by Brazilian Congressman Eros Biondini's bill to create a national Bitcoin reserve.
3. **Regulatory Realignment**: The proposed framework would move crypto assets classified as commodities under the CFTC's jurisdiction, reducing the role of the Securities and Exchange Commission (SEC).
4. **Market Outlook**: Analysts expect a potential rebound if Bitcoin clears the $93,500 resistance zone, with a 45% likelihood of surpassing this level.
5. **Institutional Adoption**: The crypto market is recovering, with Bitcoin ETFs hitting record inflows and VanEck extending its fee waiver for its HODL Bitcoin ETF from $1.5 billion to $2.5 billion."
2024-11-28;{'ada': 131, 'btc': 1629, 'eth': 847, 'sol': 129, 'xrp': 166};"1. **Bitcoin Price Consolidation and Pressure**: Bitcoin is currently consolidating near $95,000, facing downward pressure after failing to break the $100,000 ceiling, with profit-taking from 2024 buyers driving the market.

2. **Regulatory Shifts and Political Influence**: The incoming Trump administration is expected to expand the CFTC's authority over spot markets for Bitcoin and Ethereum, potentially appointing a ""crypto czar"" to oversee exchanges and stabilize the market.

3. **Institutional Adoption and Reserve Assets**: Major players like MicroStrategy and Marathon Digital are increasing their Bitcoin holdings, viewing the asset as a strategic reserve asset to hedge against inflation and economic uncertainty.

4. **Ethereum's Technical and Market Momentum**: Ethereum is surging past $3,600, driven by strong whale activity and institutional inflows, while analysts project a potential rebound to $99,000 for Bitcoin.

5. **Cryptocurrency Security Incidents and Market Volatility**: Recent security incidents, such as the XT exchange hack and the BingX loss, highlight the volatility and risks within the crypto market, alongside regulatory developments like the US Bitcoin reserve proposal."
2024-11-29;{'ada': 143, 'btc': 2112, 'eth': 815, 'sol': 273, 'xrp': 226};"1. **Bitcoin ETF Inflows and Institutional Adoption:** Spot Bitcoin ETFs recorded record-breaking net inflows of over $6.2 billion in November 2024, driven by President-elect Donald Trump's pro-crypto stance and major institutional investors like BlackRock and Fidelity.

2. **Swiss Bitcoin Mining Legislation:** The Canton of Bern passed a bill to study Bitcoin mining, aiming to utilize excess energy to stabilize the grid, despite initial opposition from the Government Council.

3. **Ethereum Price Surge and ETF Activity:** Ethereum posted a 18% weekly gain, with 90.8% of holders being profitable, while Spot Ethereum ETFs saw massive institutional inflows of $90.1 million.

4. **Solana Market Performance:** Solana surpassed Ethereum in monthly protocol fees, generating approximately $183.46 million, and is projected to reach $380–$420 by 2025.

5. **Ripple Legal Victory and XRP Outlook:** Ripple Labs secured a major court victory against the SEC, and analysts predict XRP could reach new cycle highs of $10–$20 based on regulatory clarity and institutional interest"
2024-11-30;{'ada': 100, 'btc': 1072, 'eth': 548, 'sol': 124, 'xrp': 220};"1. **Bitcoin ETF Inflows:** Spot Bitcoin ETFs recorded record inflows of $320 million in November, signaling mainstream institutional adoption.
2. **Ethereum Market Dominance:** Ethereum ETFs surpassed Bitcoin ETFs in daily inflows, with BlackRock contributing $250 million to the surge.
3. **XRP Price Targets:** Analysts predict XRP could reach $2.586 based on bullish flag breakout and strong momentum.
4. **Dogecoin Price Forecast:** Dogecoin is projected to rally to $2.20, supported by an ""ascending triangle"" pattern on the daily chart.
5. **Bitcoin Price Outlook:** Bitcoin is expected to reach $100,000 amid institutional interest and regulatory support."
2024-12-01;{'ada': 78, 'btc': 730, 'eth': 384, 'sol': 103, 'xrp': 249};"1. **Bitcoin (BTC) Market Cap Surpasses $100 Billion**
   Ripple's XRP has overtaken BNB to claim the fifth-largest crypto asset by market capitalization, with analysts projecting a potential rally to $2.57 by late December 2024.

2. **Ethereum (ETH) Faces Resistance Near $3,700**
   Ethereum is showing strong growth with analysts projecting a potential 97% price increase to $5,349–$7,238 by Q1 2025, though it currently faces resistance at $3,700.

3. **Qubetics ($TICS) Positioned as Top 2024 Crypto Investment**
   Qubetics is emerging as a top 2024 crypto investment due to its groundbreaking decentralized VPN (dVPN) and multi-chain wallet, priced at $0.025 with a projected 900% ROI.

4. **Dogecoin (DOGE) Surges Following US Election**
   Dogecoin has seen a 200% price increase in one week and is projected to reach $0.00"
2024-12-02;{'ada': 114, 'btc': 2230, 'eth': 542, 'sol': 190, 'xrp': 364};"1. **XYZVerse ($XYZ)** is a new all-sports meme coin uniting fans across football, basketball, MMA, and more, promising explosive growth.

2. **Shiba Inu (SHIB)** remains a significant player in the market, though it has faced significant fraud and loss incidents in the past.

3. **Catzilla ($CATZILLA)** is a meme coin designed to disrupt the crypto market by breaking traditional norms and offering triple utility.

4. **Base Network** has achieved record-breaking performance without token incentives, holding the second-highest TVL among Ethereum Layer-2 networks.

5. **Qubetics ($TICS)** is emerging as a major blockchain innovator, distinguished by its QubeQode IDE and a potential price surge to $10–$15 per token."
2024-12-03;{'ada': 58, 'btc': 2056, 'eth': 745, 'sol': 188, 'xrp': 585};"1. **Bitcoin ETF Inflows Surge:** U.S. spot Bitcoin ETFs recorded a record $353.67 million in net inflows, signaling strong institutional confidence and market stability.

2. **Qubetics Presale Momentum:** The Qubetics token is projected to reach a presale price of $0.25, offering an estimated 783% return by the end of the presale stage.

3. **XRP Price Outlook:** Ripple (XRP) is expected to reach a market cap of $20 billion by 2025, driven by anticipated regulatory breakthroughs and institutional adoption.

4. **Ethereum Price Forecast:** Analysts predict Ethereum could reach $25,000 by 2024, capitalizing on anticipated ""altcoin season"" and institutional adoption.

5. **Dogecoin Price Surge:** Dogecoin is projected to reach a price of $1.30 to $1.50 by 2024, leveraging its strong momentum and Elon Musk's influence."
2024-12-04;{'ada': 57, 'btc': 1810, 'eth': 658, 'sol': 445, 'xrp': 410};"1. **Bitcoin (BTC) Consolidation and Institutional Adoption**: Bitcoin is currently consolidating near the $95,000–$98,000 range, with significant institutional inflows from ETFs and strategic reserve purchases by entities like MicroStrategy and Grayscale, signaling a potential breakout toward the $100,000 psychological barrier.

2. **XRP Market Dynamics and Regulatory Shifts**: XRP is experiencing a rapid price surge driven by institutional interest and regulatory optimism, with analysts predicting a potential rally to $4.50–$5.00, while facing critical resistance levels and ongoing legal challenges regarding tax evasion.

3. **Ethereum (ETH) Technical Breakout and DeFi Growth**: Ethereum is showing strong bullish momentum with a potential breakout to $4,000–$5,000, supported by strong ETF inflows and the expansion of DeFi applications, positioning it to challenge Bitcoin's dominance.

4. **Solana (SOL) and TRON (TRX) Ecosystem Expansion**: Both Solana and TRON are seeing significant growth as they expand their ecosystems and integrate with major players like MicroStrategy and other institutional entities,"
2024-12-05;{'ada': 234, 'btc': 3217, 'eth': 990, 'sol': 311, 'xrp': 446};"1. **Bitcoin's Historic $100,000 Milestone**: Bitcoin has officially surpassed the $100,000 mark, marking a historic milestone driven by institutional adoption and pro-crypto policies.

2. **Institutional Adoption and ETF Growth**: Major financial institutions, including BlackRock and Fidelity, have significantly increased their holdings in Bitcoin ETFs, signaling a major shift in market dynamics.

3. **Regulatory Shifts and Political Support**: The appointment of Paul Atkins as the new U.S. SEC Chair and President-elect Donald Trump's pro-crypto stance are expected to further boost investor confidence and market sentiment.

4. **Ethereum's Resilience and Technical Breakouts**: Despite recent volatility, Ethereum has shown strong momentum, breaking resistance levels and potentially reaching new highs in the coming months.

5. **Lightchain AI's AI-Driven Innovation**: Lightchain AI is positioning itself as a top-tier blockchain for DeFi enthusiasts by integrating AI and blockchain technology to solve scalability and privacy issues."
2024-12-06;{'ada': 100, 'btc': 2583, 'eth': 792, 'sol': 331, 'xrp': 359};"1. **Bitcoin's All-Time High and Institutional Adoption:** Bitcoin recently broke the $100,000 mark, driven by strong institutional inflows and President-elect Donald Trump's pro-crypto stance, signaling a potential shift in U.S. regulatory policy.

2. **Ethereum's Resilience and Layer 2 Growth:** Ethereum is showing signs of a potential breakout above its all-time high of $4,000, supported by record ETF inflows and the rise of Layer 2 solutions, indicating renewed confidence in the ecosystem.

3. **Solana's Technical Recovery:** Solana is currently trading near its all-time high of $260, having recently dropped 4.27% but showing signs of a rebound as it retests the $210 resistance level.

4. **Dogecoin's Community Momentum:** Dogecoin is experiencing renewed interest and potential price action, with analysts predicting a rally to its all-time high of $0.73, driven by community growth and the 11th anniversary celebration.

5. **Avalanche's Ecosystem Expansion:** Avalanche is seeing significant growth in transaction volume and active addresses, with the C-Chain contributing to a"
2024-12-07;{'ada': 220, 'btc': 1297, 'eth': 568, 'sol': 162, 'xrp': 160};"1. **Czech Republic Tax Reform**: The Czech Republic has officially eliminated capital gains tax on Bitcoin held for over three years, following a unanimous parliamentary decision.

2. **Meme Coin Catzilla**: Meme coin Catzilla is positioning itself as a high-potential asset with a 700% ROI and a 14-stage presale.

3. **Pudgy Penguins Launch**: Pudgy Penguins announced the launch of its new token, PENGU, on the Solana blockchain by the end of 2024.

4. **Dogecoin Market Analysis**: Analysts are bullish on Dogecoin (DOGE), citing an AB=CD harmonic pattern suggesting a potential breakout to $0.69.

5. **Ethereum (ETH) Technical Analysis**: Ethereum is showing strong bullish momentum, currently trading above its 50-day and 200-day moving averages."
2024-12-08;{'ada': 48, 'btc': 693, 'eth': 428, 'sol': 125, 'xrp': 225};"1. **Bitcoin ETF Inflows and Institutional Adoption**: Ethereum ETF inflows surged to $428 million, signaling strong institutional interest, while Bitcoin hit a new all-time high of $103,900 following the election of Donald Trump.

2. **Ethereum Price Surge and Technical Analysis**: Ethereum (ETH) surged 40% to a yearly high of $4,096, driven by strong transaction volume and the appointment of pro-crypto SEC Chair Paul Atkins.

3. **US Treasury Recognition of Bitcoin as Digital Gold**: The U.S. Treasury recognized Bitcoin as ""digital gold,"" aiming to make the US the ""crypto capital of the planet"" through a national stockpile strategy.

4. **SEC Leadership Change and Regulatory Shift**: Paul Atkins was appointed as the new SEC Chair, a move expected to balance regulatory clarity with the need to protect private property rights and reduce the burden on the industry.

5. **Global Economic Warning on Stablecoins**: The U.S. Treasury Financial Stability Oversight Council warned that stablecoins are a significant risk to financial stability due to a lack of adequate safeguards and a single point of failure."
2024-12-09;{'ada': 111, 'btc': 3250, 'eth': 700, 'sol': 155, 'xrp': 290};"1. **Czech Tax Reform:** Czech lawmakers have approved a tax reform exempting digital assets from capital gains tax if held for over three years, effective January 1, 2025, with income under CZK 100,000 ($4,000) being tax-free.

2. **Bitcoin National Security Threat:** Peter Schiff warns that Bitcoin is a national security threat, arguing that government funds used to buy it are bribing officials and that supporters are using taxpayer money for illicit purposes.

3. **Bitcoin Liquidity Impact:** Analysts warn that Bitcoin's recent rally is likely to be limited by deteriorating liquidity conditions, noting that the current market is a ""warning"" rather than a panic, as Bitcoin yields the lowest returns in these environments.

4. **Election Impact on Crypto:** The US election results removed market uncertainty, boosting active addresses by 36.26% (from 306k to 417k) and driving organic demand.

5. **Amazon Bitcoin Proposal:** The National Center for Public Policy Research (NCPR) proposed that Amazon allocate at least 5% of its $585 billion assets to Bitcoin to hedge against"
2024-12-10;{'ada': 127, 'btc': 3087, 'eth': 776, 'sol': 324, 'xrp': 293};"1. **Bitcoin ETF Inflows:** Spot Bitcoin ETFs recorded massive net inflows of $479 million in December 2024, driven by BlackRock's IBIT and Fidelity's FBTC, signaling strong institutional and retail investor interest.

2. **Market Liquidations:** Crypto liquidations reached their highest level in a year, wiping out over $1.7 billion in 24 hours, primarily due to Bitcoin's drop below $95,000 and aggressive selling by long-term holders.

3. **MicroStrategy Acquisition:** MicroStrategy purchased 21,550 BTC for approximately $2.1 billion, bringing its total holdings to over 423,000 BTC and marking the fifth consecutive major acquisition.

4. **Riot Platforms Funding:** Riot Platforms announced a $500 million convertible senior note offering to fund Bitcoin acquisitions and operations, reflecting confidence in Bitcoin's value.

5. **US Bitcoin Reserve Proposal:** President-elect Donald Trump announced a plan to acquire over 1 million Bitcoin, supported by the appointment of David Sacks as the AI and Crypto Czar, aiming to make the U.S. a crypto superpower."
2024-12-11;{'ada': 56, 'btc': 2614, 'eth': 803, 'sol': 353, 'xrp': 383};"1. **Bitcoin ETF Inflows and Institutional Adoption:** Spot Bitcoin ETFs have seen massive inflows, signaling strong institutional confidence and a shift toward Bitcoin as a legitimate asset class.

2. **Ripple's RLUSD Stablecoin Approval:** Ripple received final regulatory approval from the New York Department of Financial Services to launch RLUSD, marking a strategic shift to operate under New York's regulatory framework.

3. **MARA Holdings' Aggressive Bitcoin Acquisition:** MARA Holdings announced a purchase of 11,774 BTC for $1.1 billion, reflecting its strategy to allocate earnings toward Bitcoin acquisition and strategic debt management.

4. **MicroStrategy's Nasdaq 100 Inclusion:** MicroStrategy is expected to be added to the Nasdaq 100 index, with analysts predicting it could become the 40th largest holding and attract $2.1 billion in ETF shares.

5. **Global Crypto Adoption and Policy Shifts:** Countries like El Salvador and Argentina are signing regulatory partnerships, while the U.S. is positioning itself as the ""crypto capital of the world"" under the new administration."
2024-12-12;{'ada': 34, 'btc': 1472, 'eth': 922, 'sol': 144, 'xrp': 155};"1. **Bitcoin ETF Inflows:** Spot Bitcoin ETFs recorded massive net inflows of $223.1 million on December 11, 2024, signaling strong institutional and retail adoption.

2. **Institutional Adoption:** Major financial institutions, including BlackRock and Fidelity, have significantly increased their exposure to Bitcoin and Ethereum, with BlackRock's ETHA ETF leading the charge.

3. **World Liberty Financial:** President-elect Donald Trump's World Liberty Financial (WLFI) has aggressively acquired top-tier altcoins, signaling a potential ""crypto whale season.""

4. **Ethereum Growth:** Ethereum is poised for significant growth, potentially exceeding $5,000 as demand surges and supply dynamics evolve.

5. **Chainlink & Whale Activity:** Chainlink (LINK) saw a 18.5% price increase and 65% CoinShares predicted a positive outlook for the crypto market in 2025."
2024-12-13;{'ada': 36, 'btc': 564, 'eth': 932, 'sol': 275, 'xrp': 155};"1. **World Liberty Financial (WLFI) Crypto Holdings**: World Liberty Financial has invested approximately $50 million in DeFi tokens, including $35 million in Ethereum and $1 million each in Chainlink (LINK) and Aave, aligning with President-elect Trump's goals to build a U.S. crypto leader.
2. **Eigen Layer & Protocol Guild**: The Eigen Foundation pledged 1% of its EIGEN token supply to the Protocol Guild to fund Ethereum Layer-1 research and development, aiming to ensure long-term funding and decentralization.
3. **Solana Developer Growth**: Solana emerged as the leading blockchain for new developers in 2024, surpassing Ethereum with 7,625 new developers, driven largely by Asian market growth.
4. **Ethereum ETF Inflows**: U.S. spot Ethereum ETFs recorded a net inflow of $276.99 million on December 12, 2024, marking the 14th consecutive day of positive inflows and signaling strong institutional confidence.
5. **Bitcoin Market Reserves**: The U.S. Treasury plans to introduce a comprehensive crypto framework early next year, consolidating"
2024-12-14;{'ada': 48, 'btc': 408, 'eth': 607, 'sol': 85, 'xrp': 160};"1. **Bitcoin Price Projection:** VanEck predicts Bitcoin could reach an all-time high of $180,000 in 2025.
2. **Ethereum Market Outlook:** Analysts anticipate Ethereum to exceed $6,000 by the end of 2025.
3. **Solana Market Performance:** Solana is projected to reach all-time highs with a potential price of $500.
4. **Market Correction Warning:** The firm warns of a 30% market correction in summer 2025 before a recovery.
5. **AI Agent Integration:** AI agents are expected to operate on-chain, driving significant on-chain activity."
2024-12-15;{'ada': 51, 'btc': 111, 'eth': 289, 'sol': 72, 'xrp': 53};"1. **Chainlink (LINK)** is leading the real-world assets (RWA) sector with nearly 394 notable GitHub events in the past 30 days.
2. **BTFD Coin** is a high-growth meme coin on Ethereum inspired by the ""Buy the Dip"" strategy, offering staking rewards and a play-to-earn game.
3. **Neiro** is a Doge-inspired meme coin launched on Ethereum during the New Moon of August 2024, embodying a decentralized ethos with charitable initiatives.
4. **Dogen Token** is experiencing a massive presale surge with Stage 7 selling out in hours, aiming to outperform established players like Polkadot and Avalanche.
5. **Lightchain AI** is redefining blockchain by integrating Proof of Intelligence (PoI) and the Artificial Intelligence Virtual Machine (AIVM) to solve real-world problems."
2024-12-16;{'ada': 59, 'btc': 456, 'eth': 772, 'sol': 183, 'xrp': 274};"1. **Ethereum (ETH) Price Surge and Institutional Adoption**
   Ethereum is surging past $4,000, driven by strong institutional demand from BlackRock and Fidelity ETFs, with spot ETFs recording record weekly inflows.

2. **Ripple's RLUSD Stablecoin Launch and Regulatory Approval**
   Ripple is set to launch its U.S. dollar-pegged stablecoin, RLUSD, on global exchanges starting December 17, following regulatory clearance from the NYDFS.

3. **Solana's Q3 2024 Performance and DePIN Growth**
   Solana posted $173 million in Q3 2024, marking its best quarter since 2022, driven by rebounds post-FTX and the emergence of DePIN protocols like Energy Networks.

4. **LayerZero (ZRO) Technical Analysis and Price Forecast**
   LayerZero is projected to reach $10.445 in 2024 and $16 by 2025, with current technical indicators showing a strong trend and high volatility.

5. **Avalanche (AVAX) and Rexas Finance"
2024-12-17;{'ada': 44, 'btc': 436, 'eth': 1031, 'sol': 251, 'xrp': 162};"1. **US Spot ETFs:** U.S. spot ETFs for Bitcoin and Ethereum maintained consecutive weekly inflows of $2.17 billion and $855 million, respectively.
2. **Graphite Network:** Graphite Network is a new Proof Marko and his team at Graphite aim to make blockchain accessible to everyone, not just validators.
3. **Catslap (SLAP):** A new meme coin **Catslap (SLAP)** could see market capitalization surge to $100 million if it maintains momentum.
4. **Avalanche9000:** Avalanche (AVAX) has launched its largest upgrade, **Avalanche9000**, designed to enhance network efficiency and accessibility.
5. **Rexas Finance:** Rexas Finance is emerging as a disruptive under-$1 altcoin poised to outperform major players in 2025 due to its novel RWA tokenization."
2024-12-18;{'ada': 43, 'btc': 519, 'eth': 816, 'sol': 261, 'xrp': 111};"1. **Bitcoin ETF Inflows and Institutional Adoption**
   Recent venture capital interest in crypto is surging as firms prepare for 2025, with spot Bitcoin ETFs hitting record highs and institutional investors treating Bitcoin as a strategic asset.

2. **Ethereum ETF Inflows and Price Outlook**
   Following the approval of BTC and ETH ETFs, analysts predict a wave of new crypto ETFs next year, with Ethereum potentially reaching $4,800 to $5,000 by 2025.

3. **Litecoin (LTC) ETF Approval**
   Analysts Eric Balchunas and James Seyffart predict a wave of new crypto ETFs next year, likely in this sequence: Litecoin (LTC) ETFs.

4. **Hedera (HBAR) and Solana (SOL) ETF Approvals**
   The SEC may delay approval for Solana (SOL) and XRP ETFs until Paul Atkins takes over, as regulators view LTC and HBAR more favorably.

5. **Lightchain AI (LCAI) and DeFi Innovation**
   Lightchain AI is redefining blockchain by integrating AI"
2024-12-19;{'ada': 26, 'btc': 377, 'eth': 714, 'sol': 210, 'xrp': 171};"1. **Ethereum (ETH) Price Correction and Technical Analysis**: Ethereum is currently in a bearish phase, forming a double-top technical formation on the 4-hour chart, signaling a potential reversal of the uptrend.
2. **Federal Reserve Rate Cut Impact**: Following the Federal Reserve's 25 basis point rate cut, major cryptocurrencies like Ethereum, Solana, and XRP experienced significant declines, with Ethereum dropping 4.5% in the past 24 hours.
3. **Bitcoin ETF Inflows**: Spot ETFs saw a $275 million net inflow on Wednesday, marking 15 consecutive days of positive movement, with BlackRock's IBIT ETF leading at $360 million.
4. **Ethereum vs. Solana Competition**: Analysts predict Ethereum will overtake Solana by 2025 due to its rapidly expanding ecosystem and Layer-2 scalability solutions, despite Solana's recent price surge.
5. **Bitcoin's 2024 All-Time High**: Bitcoin reached a 2024 All-Time High of $103,900, though established as ""digital gold,"" its high price limits access for new investors"
2024-12-20;{'ada': 36, 'btc': 638, 'eth': 857, 'sol': 191, 'xrp': 126};"1. **Bitcoin ETF Inflows and Outflows**: The text reports record inflows of $35.17 billion for Bitcoin ETFs on Dec 12, followed by massive outflows of $671.9 million on Dec 19, indicating a shift in institutional sentiment.

2. **Ethereum Market Volatility**: Ethereum experienced significant price drops, including a 11.21% decline in 24 hours and a 15% drop in the last 24 hours, driven by whale activity and regulatory concerns.

3. **SEC ETF Approvals**: The U.S. Securities and Exchange Commission approved the Hashdex Nasdaq Crypto Index US ETF and the Franklin Templeton Bitcoin-Ether ETF, signaling a shift in regulatory stance.

4. **Lightchain AI (LCAI) and AI Integration**: Lightchain AI is positioned as a promising AI-blockchain project combining blockchain technology with AI to solve real-world challenges and achieve global adoption by 2025.

5. **Baby Doge Coin (BabyDoge)**: BabyDoge is a trending memecoin on the Ethereum network that launched in June 2021 and trades at approximately $0"
2024-12-21;{'ada': 14, 'btc': 263, 'eth': 563, 'sol': 67, 'xrp': 106};"1. **Solana (SOL) Outperformance:** Solana has significantly outperformed Bitcoin and Ethereum since November 2022, with a 2,143% price increase following the FTX collapse.
2. **Ethereum Price Correction:** Ethereum is currently trading around $3,400, having dropped approximately 17% in the last 24 hours and failing to reclaim the $4,000 support level.
3. **BlackRock ETF Strategy:** BlackRock executives are shifting focus from launching new crypto ETFs to promoting their existing BTC and ETH ETFs to a wider investor base.
4. **World Liberty Financial (WLFI) Activity:** World Liberty Financial has made strategic purchases of $2.5M ETH and $44.99M in other altcoins, bringing their total holdings to $35M at an average price of $3,651.
5. **Catzilla Coin Potential:** Catzilla is a rising meme coin on Ethereum with a projected 15,000% potential growth, featuring a unique 14-stage presale system offering gains of up to 700%."
2024-12-22;{'ada': 28, 'btc': 154, 'eth': 298, 'sol': 36, 'xrp': 70};"1. Ethereum (ETH) is experiencing short-term volatility with a recent 10.38% drop, while the meme coin $XYZ is poised for a massive 99,900% increase following a recent election victory.
2. The crypto market is currently characterized by significant volatility, with Ethereum dropping 13.66% in the past week but showing positive momentum over the last month.
3. Bitcoin is facing a critical resistance zone between $97,500 and $99,800, with analysts suggesting a breakout could propel it past the $100,000 mark.
4. Ethereum (ETH) is showing resilience at $3,320, trading above the critical 200-day moving average ($3,000) and approaching the $3,550 resistance level.
5. The 2024 Crypto Industry report highlights that total losses reached $2.3 billion, with Ethereum being the most affected network with over $1.2B in losses."
2024-12-23;{'ada': 37, 'btc': 262, 'eth': 625, 'sol': 84, 'xrp': 96};"1. **Ethereum (ETH) Price Analysis**: Ethereum is experiencing a sharp 10% volume drop following a turbulent week marked by a 16% weekly decline and hitting a 29-day low of $3,101.
2. **Bitcoin (BTC) Market Dynamics**: Bitcoin is trading near $96,000, showing signs of a potential correction after falling from over $108,000 to below $95,000.
3. **Lightchain AI (LCAI) Positioning**: Lightchain AI is emerging as a leading contender to surpass Ethereum by integrating blockchain and artificial intelligence.
4. **PropiChain (PCHAIN) Real Estate Focus**: PropiChain aims to redefine the global real estate market by integrating AI, the Metaverse, and RWA tokenization.
5. **WallitIQ (WLTQ) AI Coin**: WallitIQ is an AI coin tipped to outperform Shiba Inu by January 2025, offering solid utility and lower gas fees."
2024-12-24;{'ada': 13, 'btc': 315, 'eth': 640, 'sol': 129, 'xrp': 55};"1. **Ethereum (ETH) Market Outlook**: Analysts predict Ethereum could reach new highs in 2024, with the ETH/BTC pair showing signs of a bottom formation and potential for a major surge if it breaks the $4,000 barrier.

2. **Lightchain AI (LCAI) Roadmap**: The project is moving from comprehensive testing to full-scale decentralized governance and AI integration, aiming to revolutionize AI and data processing in shared networks with a projected 5,000% return by 2024.

3. **Qubetics ($TICS) Presale**: The presale is currently in Phase 14, having raised over $7.7 million with a dynamic pricing strategy that increases the price by 10% weekly, culminating in a 20% final increase.

4. **Rexas Finance (RXS) Growth**: This high-growth crypto project forecasts a 9,404% return by 2025, having recently completed a CertiK audit and secured listings on major crypto exchanges.

5. **Lightchain AI (LCAI) Overview**: This decentralized AI platform is designed to"
2024-12-25;{'ada': 58, 'btc': 207, 'eth': 541, 'sol': 147, 'xrp': 105};"1. Ethereum (ETH) is projected to reach new all-time highs in 2025, driven by institutional ETF inflows and potential price recovery from recent consolidation.
2. Solana (SOL) maintained dominance in Web3 with 1.22M daily transactions in 2024, supported by high-speed activity and bots.
3. The cryptocurrency market saw a 3.30% rise in market cap to $3.43 trillion, driven by Bitcoin's 24-hour high of $99,404.06.
4. The DeFi sector is currently in a strong phase, driven primarily by Ethereum's dominance and the expansion of stablecoin liquidity.
5. The crypto market is set to launch 2025 with strong momentum, driven by institutional adoption and regulatory clarity."
2024-12-26;{'ada': 43, 'btc': 379, 'eth': 592, 'sol': 149, 'xrp': 89};"1. **Bitcoin (BTC) Price Volatility and Market Sentiment**: Bitcoin experienced significant price fluctuations, dropping to $95,175 and rebounding to $98,677, driven by the election of Donald Trump and regulatory shifts, with experts predicting a potential dip to $80,000-$85,000.

2. **Ethereum (ETH) Institutional Adoption and ETF Inflows**: Ethereum saw record inflows with BlackRock's BlackRock ETF receiving $93.13M, and Vitalik Buterin's donation to the Khao Kheow Zoo caused the MOODENG token to surge 70%, indicating strong institutional interest and a potential rebound to $3,980.

3. **Solana (SOL) and XRP Market Dynamics**: Solana processed thousands of transactions per second and XRP saw a 450% price surge, pushing its market cap to $154.83B, while XRP is expected to outpace Ethereum in market capitalization during the 2025 bull run.

4. **Lightchain AI (LCAI) and Gnosis (GNO) Token"
2024-12-27;{'ada': 19, 'btc': 472, 'eth': 675, 'sol': 96, 'xrp': 109};"1. **Bitcoin ETF Inflows:** Spot Bitcoin ETFs recorded significant net inflows on December 26, with Fidelity leading at $254.4 million, followed by ARK at $186.9 million.
2. **Ethereum Price Outlook:** Analysts predict Ethereum could reach $5,000 by 2025, driven by institutional adoption and Layer 2 scaling adoption.
3. **Solana Market Growth:** Solana saw massive on-chain growth in December, with DEX volume hitting $107.8 billion and daily transactions reaching 1.5 billion.
4. **XRP ETF Speculation:** Experts anticipate a repeat of XRP's historic gains if the SEC approves XRP ETFs, potentially propelling the price to double digits.
5. **Crypto Security Incidents:** Major hacks in 2024 caused over $1.9 billion in losses, including incidents involving WazirX, DMM Exchange, and the Ronin hack."
2024-12-28;{'ada': 23, 'btc': 256, 'eth': 461, 'sol': 138, 'xrp': 123};"1. **Bitcoin (BTC)** is projected to exceed $150,000 in the first half of 2025 and reach $185,000 by year-end, driven by institutional adoption and ETFs.
2. **Ethereum (ETH)** is expected to surpass $5,500 in 2025 as regulatory pressure eases and staking participation exceeds 50% of its supply.
3. **Ripple (XRP)** is predicted to reach a 11.44% dominance level by 2025 following its legal victory against the SEC, potentially doubling its market cap.
4. **Solana (SOL)** is expected to reach $2,670 by 2025, with network activity exceeding Ethereum's and daily fees surpassing it for a 24-hour period.
5. **Qubetics (TICS)** is anticipated to reach $10–$15 post-mainnet, with a presale valuation of $0.037 and a projected post-presale target of $0.25."
2024-12-29;{'ada': 9, 'btc': 180, 'eth': 294, 'sol': 111, 'xrp': 85};"1. **XYZVerse** is positioned as a high-growth sports memecoin with a projected 16,000% to 25,000% return by the start of the new year.
2. **Ethereum (ETH)** is expected to reach a price of $4,000 by year-end, driven by record whale activity and ETF inflows.
3. **Solana (SOL)** is projected to lead the 2025 bull run, aiming for a price of $1,000.
4. **Ripple (XRP)** is set to see a 427% surge in six months, ranking 4th on CoinMarketCap.
5. **Husky Inu (HINU)** is a community-driven altcoin with a deflationary mechanism where 50% of fees are used to buy and burn tokens."
2024-12-30;{'ada': 63, 'btc': 466, 'eth': 763, 'sol': 187, 'xrp': 42};"1. **Ethereum (ETH) Price Outlook**: Analysts predict Ethereum could reach $5,000 in 2025, driven by institutional ETF inflows and regulatory clarity.
2. **Bitcoin (BTC) Price Outlook**: Bitcoin is expected to reach $150,000 to $400,000 in 2025, potentially becoming digital gold as institutional adoption grows.
3. **Solana (SOL) Price Outlook**: Solana is forecast to rise to $275.44 in 2025, supported by the upcoming Bitcoin Halving and regulatory clarity.
4. **Ethena (ENA) Price Outlook**: Ethena is projected to reach $12,480 in 2025, positioning it as a key player in Layer-2 solutions and DeFi.
5. **Jupiter (JUP) Price Outlook**: Jupiter is expected to reach $12,480 in 2025, leveraging its decentralized messaging protocol and proof-of-stake model."
2024-12-31;{'ada': 59, 'btc': 425, 'eth': 752, 'sol': 224, 'xrp': 104};"1. **Corporate & Bond ETFs:** Companies like Bitwise, Strive Asset Management, and REX Advisers are filing for Bitcoin ETFs focused on corporate treasuries, convertible bonds, and MicroStrategy-related securities.
2. **Hedged ETFs:** ProShares is filing for ETFs that hedge US dollar exposure in the S market.
3. **Solana & Crypto ETFs:** Ethereum ETFs saw strong inflows, while Bitcoin ETFs saw outflows in the final week of 2024.
4. **MoonPay & EU MiCA:** MoonPay received approval under the EU's Markets in Crypto-Assets (MiCA) regulation, signaling compliance and expansion plans in Europe.
5. **Regulatory Context:** MiCA requires stablecoins to be Lightchain AI is gaining significant attention as a top crypto project, driven by a potential 300% surge. Unlike speculative tokens, it uniquely combines AI with blockchain technology to solve real-world problems in healthcare, logistics, and finance."
